Transaction_ID,Date,Year,Quarter,Month,Project_ID,Project_Name,Country,Location,Branch_or_Base,Donor_ID,Donor_Name,Grant_ID,Budget_Line_ID,Budget_Category,Budget_Line,Approved_Budget,Revised_Budget,Actual_Expenditure,Commitment,Forecast_Expenditure,Currency,Activity,Sector,Modality,Beneficiaries_Planned,Beneficiaries_Reached,Women,Men,Girls,Boys,Documentation_Status,Procurement_Status,Reporting_Status,Audit_Risk_Level,Compliance_Flag,Comments,Payment_Cycle,Transfer_Value,Households_Reached,Total_Cash_Transferred,PDM_Status,Distribution_Branch,Transfer_Modality,Donor_Deadline_Risk
"TXN-SYN-0001","2024-01-04","2024","Q1","January","P001","Ukraine Health+ Response","Ukraine","Kyiv","Kyiv Base","D004","UNICEF","G-UNIC-P001-2024","BL007","Health Services","Primary health service support","9879","9681","1839","387","3097","USD","Health service support","Health","In-kind","139","82","28","22","17","15","Complete","Complete","On time","Low","Compliant","Synthetic anonymised portfolio record","N/A","0","0","0","N/A","Kyiv Base","N/A","Low"
"TXN-SYN-0002","2024-02-07","2024","Q1","February","P002","Ukraine Winter CVA","Ukraine","Lviv","Lviv Branch","D005","USAID","G-USAI-P002-2024","BL008","Logistics & Transport","Vehicle rental and fuel","11258","11145","2229","557","3901","USD","Cash assistance payment","CVA","Cash","158","95","32","26","20","17","Complete","In progress","On time","Medium","Review","Synthetic anonymised portfolio record","Cycle 3","110","21","2310","Pending","Lviv Branch","Prepaid card","Medium"
"TXN-SYN-0003","2024-03-10","2024","Q1","March","P003","Poland Refugee CVA","Poland","Warsaw","Warsaw Branch","D006","AECID","G-AECI-P003-2024","BL009","Training & Capacity Building","Branch and partner training","12637","12637","2654","758","4802","EUR","Cash assistance payment","CVA","Cash","177","108","37","29","23","19","Partial","Gap identified","Late","High","Review","Synthetic anonymised portfolio record","Cycle 4","125","23","2875","Completed","Warsaw Branch","Mobile money","High"
"TXN-SYN-0004","2024-04-13","2024","Q2","April","P004","Sudan Food Security & WASH","Sudan","Port Sudan","Port Sudan Base","D007","EU Delegation","G-EUDE-P004-2024","BL010","Monitoring & Evaluation","PDM and field monitoring","14016","14156","3114","991","5804","EUR","WASH service delivery","WASH","Service delivery","196","122","41","33","26","22","Missing","Complete","On time","High","Review","Synthetic anonymised portfolio record","N/A","0","0","0","N/A","Port Sudan Base","N/A","High"
"TXN-SYN-0005","2024-05-16","2024","Q2","May","P005","Venezuela-Colombia Multi-Donor Response","Venezuela/Colombia","Bogota","Bogota Office","D008","Red Cross Movement","G-REDC-P005-2024","BL011","Administration","Office running costs","15395","15703","3612","1256","6909","CHF","Programme operations","Multi-sector","Service delivery","0","0","0","0","0","0","Complete","Complete","On time","Low","Compliant","Synthetic anonymised portfolio record","N/A","0","0","0","N/A","Bogota Office","N/A","Low"
"TXN-SYN-0006","2024-06-19","2024","Q2","June","P006","Syria Health Mission Support","Syria","Damascus","Damascus Mission Office","D009","Private Foundation","G-PRIV-P006-2024","BL012","Audit & Compliance","External audit and compliance checks","16774","17277","4146","1555","8120","USD","Health service support","Health","Support","234","150","51","41","32","26","Complete","In progress","On time","Medium","Review","Synthetic anonymised portfolio record","N/A","0","0","0","N/A","Damascus Mission Office","N/A","Medium"
"TXN-SYN-0007","2024-07-22","2024","Q3","July","P001","Ukraine Health+ Response","Ukraine","Kyiv","Kyiv Base","D010","Own Funds","G-OWNF-P001-2024","BL014","Indirect Costs","Indirect cost recovery","18153","18879","4720","1888","9440","EUR","Health service support","Health","In-kind","253","164","56","44","34","30","Complete","Gap identified","Late","High","Review","Synthetic anonymised portfolio record","N/A","0","0","0","N/A","Kyiv Base","N/A","High"
"TXN-SYN-0008","2024-08-01","2024","Q3","August","P002","Ukraine Winter CVA","Ukraine","Lviv","Lviv Branch","D001","ECHO","G-ECHO-P002-2024","BL001","Human Resources","National staff salaries","19532","20509","5332","2256","10869","EUR","Cash assistance payment","CVA","Cash","272","180","61","49","38","32","Partial","Complete","On time","Low","Review","Synthetic anonymised portfolio record","Cycle 1","80","39","3120","Pending","Lviv Branch","Prepaid card","Low"
"TXN-SYN-0009","2024-09-04","2024","Q3","September","P003","Poland Refugee CVA","Poland","Warsaw","Warsaw Branch","D002","BMZ","G-BMZ-P003-2024","BL003","Programme Supplies","Medical and programme supplies","20911","20284","5477","2434","11359","EUR","Cash assistance payment","CVA","Cash","291","195","66","53","41","35","Missing","Complete","On time","High","Review","Synthetic anonymised portfolio record","Cycle 2","95","42","3990","Completed","Warsaw Branch","Mobile money","High"
"TXN-SYN-0010","2024-10-07","2024","Q4","October","P004","Sudan Food Security & WASH","Sudan","Port Sudan","Port Sudan Base","D003","GFFO","G-GFFO-P004-2024","BL004","CVA Transfers","Unconditional cash transfers","22290","21844","6116","2840","12888","EUR","Cash assistance payment","WASH","Service delivery","310","211","72","57","44","38","Complete","In progress","On time","Medium","Review","Synthetic anonymised portfolio record","Cycle 3","110","46","5060","In progress","Port Sudan Base","Prepaid card","Medium"
"TXN-SYN-0011","2024-11-10","2024","Q4","November","P005","Venezuela-Colombia Multi-Donor Response","Venezuela/Colombia","Bogota","Bogota Office","D004","UNICEF","G-UNIC-P005-2024","BL005","CVA Transfers","Winter cash top-up","23669","23432","6795","3280","14527","USD","Cash assistance payment","Multi-sector","Service delivery","0","0","0","0","0","0","Complete","Gap identified","Late","High","Review","Synthetic anonymised portfolio record","Cycle 4","125","0","0","Pending","Bogota Office","Mobile money","High"
"TXN-SYN-0012","2024-12-13","2024","Q4","December","P006","Syria Health Mission Support","Syria","Damascus","Damascus Mission Office","D005","USAID","G-USAI-P006-2024","BL006","WASH Infrastructure","Water point rehabilitation","25048","25048","7514","3757","16281","USD","Health service support","Health","Support","348","244","83","66","51","44","Complete","Complete","On time","Low","Compliant","Synthetic anonymised portfolio record","N/A","0","0","0","N/A","Damascus Mission Office","N/A","Low"
"TXN-SYN-0013","2024-01-16","2024","Q1","January","P001","Ukraine Health+ Response","Ukraine","Kyiv","Kyiv Base","D006","AECID","G-AECI-P001-2024","BL007","Health Services","Primary health service support","26427","26691","8274","801","14680","EUR","Health service support","Health","In-kind","367","261","89","70","55","47","Partial","Complete","On time","Low","Review","Synthetic anonymised portfolio record","N/A","0","0","0","N/A","Kyiv Base","N/A","Low"
"TXN-SYN-0014","2024-02-19","2024","Q1","February","P002","Ukraine Winter CVA","Ukraine","Lviv","Lviv Branch","D007","EU Delegation","G-EUDE-P002-2024","BL008","Logistics & Transport","Vehicle rental and fuel","27806","28362","9076","1134","16450","EUR","Cash assistance payment","CVA","Cash","386","278","95","75","58","50","Missing","In progress","On time","High","Review","Synthetic anonymised portfolio record","Cycle 3","170","60","10200","Pending","Lviv Branch","Prepaid card","High"
"TXN-SYN-0015","2024-03-22","2024","Q1","March","P003","Poland Refugee CVA","Poland","Warsaw","Warsaw Branch","D008","Red Cross Movement","G-REDC-P003-2024","BL009","Training & Capacity Building","Branch and partner training","29185","30061","9920","1503","18337","CHF","Cash assistance payment","CVA","Cash","405","296","101","80","62","53","Complete","Gap identified","Late","High","Review","Synthetic anonymised portfolio record","Cycle 4","185","64","11840","Completed","Warsaw Branch","Mobile money","High"
"TXN-SYN-0016","2024-04-01","2024","Q2","April","P004","Sudan Food Security & WASH","Sudan","Port Sudan","Port Sudan Base","D009","Private Foundation","G-PRIV-P004-2024","BL010","Monitoring & Evaluation","PDM and field monitoring","30564","31787","10808","1907","20344","USD","WASH service delivery","WASH","Service delivery","424","314","107","85","66","56","Complete","Complete","On time","Low","Compliant","Synthetic anonymised portfolio record","N/A","0","0","0","N/A","Port Sudan Base","N/A","Low"
"TXN-SYN-0017","2024-05-04","2024","Q2","May","P005","Venezuela-Colombia Multi-Donor Response","Venezuela/Colombia","Bogota","Bogota Office","D010","Own Funds","G-OWNF-P005-2024","BL011","Administration","Office running costs","31943","33540","11739","2348","16770","EUR","Programme operations","Multi-sector","Service delivery","0","0","0","0","0","0","Complete","Complete","On time","Low","Compliant","Synthetic anonymised portfolio record","N/A","0","0","0","N/A","Bogota Office","N/A","Low"
"TXN-SYN-0018","2024-06-07","2024","Q2","June","P006","Syria Health Mission Support","Syria","Damascus","Damascus Mission Office","D001","ECHO","G-ECHO-P006-2024","BL012","Audit & Compliance","External audit and compliance checks","33322","32322","11636","2586","17131","EUR","Health service support","Health","Support","462","351","119","95","74","63","Partial","In progress","On time","Medium","Review","Synthetic anonymised portfolio record","N/A","0","0","0","N/A","Damascus Mission Office","N/A","Medium"
"TXN-SYN-0019","2024-07-10","2024","Q3","July","P001","Ukraine Health+ Response","Ukraine","Kyiv","Kyiv Base","D002","BMZ","G-BMZ-P001-2024","BL014","Indirect Costs","Indirect cost recovery","34701","34007","12583","3061","19045","EUR","Health service support","Health","In-kind","481","370","126","100","78","66","Missing","Gap identified","Late","High","Review","Synthetic anonymised portfolio record","N/A","0","0","0","N/A","Kyiv Base","N/A","High"
"TXN-SYN-0020","2024-08-13","2024","Q3","August","P002","Ukraine Winter CVA","Ukraine","Lviv","Lviv Branch","D003","GFFO","G-GFFO-P002-2024","BL001","Human Resources","National staff salaries","36080","35719","13573","3572","21074","EUR","Cash assistance payment","CVA","Cash","500","390","133","105","82","70","Complete","Complete","On time","Low","Compliant","Synthetic anonymised portfolio record","Cycle 1","140","85","11900","Pending","Lviv Branch","Prepaid card","Low"
"TXN-SYN-0021","2024-09-16","2024","Q3","September","P003","Poland Refugee CVA","Poland","Warsaw","Warsaw Branch","D004","UNICEF","G-UNIC-P003-2024","BL003","Programme Supplies","Medical and programme supplies","37459","37459","14609","4120","23224","USD","Cash assistance payment","CVA","Cash","519","410","139","111","86","74","Complete","Complete","On time","Low","Compliant","Synthetic anonymised portfolio record","Cycle 2","155","89","13795","Completed","Warsaw Branch","Mobile money","Low"
"TXN-SYN-0022","2024-10-19","2024","Q4","October","P004","Sudan Food Security & WASH","Sudan","Port Sudan","Port Sudan Base","D005","USAID","G-USAI-P004-2024","BL004","CVA Transfers","Unconditional cash transfers","38838","39226","15690","4707","25496","USD","Cash assistance payment","WASH","Service delivery","538","430","146","116","90","78","Complete","In progress","On time","Medium","Review","Synthetic anonymised portfolio record","Cycle 3","170","93","15810","In progress","Port Sudan Base","Prepaid card","Medium"
"TXN-SYN-0023","2024-11-22","2024","Q4","November","P005","Venezuela-Colombia Multi-Donor Response","Venezuela/Colombia","Bogota","Bogota Office","D006","AECID","G-AECI-P005-2024","BL005","CVA Transfers","Winter cash top-up","40217","41021","16819","5333","27895","EUR","Cash assistance payment","Multi-sector","Service delivery","0","0","0","0","0","0","Partial","Gap identified","Late","High","Review","Synthetic anonymised portfolio record","Cycle 4","185","0","0","Pending","Bogota Office","Mobile money","High"
"TXN-SYN-0024","2024-12-01","2024","Q4","December","P006","Syria Health Mission Support","Syria","Damascus","Damascus Mission Office","D007","EU Delegation","G-EUDE-P006-2024","BL006","WASH Infrastructure","Water point rehabilitation","41596","42844","17994","5998","30419","EUR","Health service support","Health","Support","576","472","160","127","99","86","Missing","Complete","On time","High","Review","Synthetic anonymised portfolio record","N/A","0","0","0","N/A","Damascus Mission Office","N/A","High"
"TXN-SYN-0025","2024-01-04","2024","Q1","January","P001","Ukraine Health+ Response","Ukraine","Kyiv","Kyiv Base","D008","Red Cross Movement","G-REDC-P001-2024","BL007","Health Services","Primary health service support","42975","44694","19218","6704","33073","CHF","Health service support","Health","In-kind","595","494","168","133","104","89","Complete","Complete","On time","Low","Compliant","Synthetic anonymised portfolio record","N/A","0","0","0","N/A","Kyiv Base","N/A","Low"
"TXN-SYN-0026","2024-02-07","2024","Q1","February","P002","Ukraine Winter CVA","Ukraine","Lviv","Lviv Branch","D009","Private Foundation","G-PRIV-P002-2024","BL008","Logistics & Transport","Vehicle rental and fuel","44354","46572","20492","1397","29806","USD","Cash assistance payment","CVA","Cash","614","516","175","139","108","94","Complete","In progress","On time","Medium","Review","Synthetic anonymised portfolio record","Cycle 3","110","112","12320","Pending","Lviv Branch","Prepaid card","Medium"
"TXN-SYN-0027","2024-03-10","2024","Q1","March","P003","Poland Refugee CVA","Poland","Warsaw","Warsaw Branch","D010","Own Funds","G-OWNF-P003-2024","BL009","Training & Capacity Building","Branch and partner training","45733","44361","19962","1774","29721","EUR","Cash assistance payment","CVA","Cash","633","538","183","145","113","97","Complete","Gap identified","Late","High","Review","Synthetic anonymised portfolio record","Cycle 4","125","117","14625","Completed","Warsaw Branch","Mobile money","High"
"TXN-SYN-0028","2024-04-13","2024","Q2","April","P004","Sudan Food Security & WASH","Sudan","Port Sudan","Port Sudan Base","D001","ECHO","G-ECHO-P004-2024","BL010","Monitoring & Evaluation","PDM and field monitoring","47112","46170","21238","2309","32319","EUR","WASH service delivery","WASH","Service delivery","652","561","191","151","118","101","Partial","Complete","On time","Low","Review","Synthetic anonymised portfolio record","N/A","0","0","0","N/A","Port Sudan Base","N/A","Low"
"TXN-SYN-0029","2024-05-16","2024","Q2","May","P005","Venezuela-Colombia Multi-Donor Response","Venezuela/Colombia","Bogota","Bogota Office","D002","BMZ","G-BMZ-P005-2024","BL011","Administration","Office running costs","48491","48006","22563","2880","35044","EUR","Programme operations","Multi-sector","Service delivery","0","0","0","0","0","0","Missing","Complete","On time","High","Review","Synthetic anonymised portfolio record","N/A","0","0","0","N/A","Bogota Office","N/A","High"
"TXN-SYN-0030","2024-06-19","2024","Q2","June","P006","Syria Health Mission Support","Syria","Damascus","Damascus Mission Office","D003","GFFO","G-GFFO-P006-2024","BL012","Audit & Compliance","External audit and compliance checks","49870","49870","23938","3491","37902","EUR","Health service support","Health","Support","690","607","206","164","127","110","Complete","In progress","On time","Medium","Review","Synthetic anonymised portfolio record","N/A","0","0","0","N/A","Damascus Mission Office","N/A","Medium"
"TXN-SYN-0031","2024-07-22","2024","Q3","July","P001","Ukraine Health+ Response","Ukraine","Kyiv","Kyiv Base","D004","UNICEF","G-UNIC-P001-2024","BL014","Indirect Costs","Indirect cost recovery","51249","51761","25363","4141","40891","USD","Health service support","Health","In-kind","709","631","215","170","133","113","Complete","Gap identified","Late","High","Review","Synthetic anonymised portfolio record","N/A","0","0","0","N/A","Kyiv Base","N/A","High"
"TXN-SYN-0032","2024-08-01","2024","Q3","August","P002","Ukraine Winter CVA","Ukraine","Lviv","Lviv Branch","D005","USAID","G-USAI-P002-2024","BL001","Human Resources","National staff salaries","52628","53681","26841","4831","44019","USD","Cash assistance payment","CVA","Cash","728","655","223","177","138","117","Complete","Complete","On time","Low","Compliant","Synthetic anonymised portfolio record","Cycle 1","80","142","11360","Pending","Lviv Branch","Prepaid card","Low"
"TXN-SYN-0033","2024-09-04","2024","Q3","September","P003","Poland Refugee CVA","Poland","Warsaw","Warsaw Branch","D006","AECID","G-AECI-P003-2024","BL003","Programme Supplies","Medical and programme supplies","54007","55627","28370","5563","47283","EUR","Cash assistance payment","CVA","Cash","747","680","231","184","143","122","Partial","Complete","On time","Low","Review","Synthetic anonymised portfolio record","Cycle 2","95","148","14060","Completed","Warsaw Branch","Mobile money","Low"
"TXN-SYN-0034","2024-10-07","2024","Q4","October","P004","Sudan Food Security & WASH","Sudan","Port Sudan","Port Sudan Base","D007","EU Delegation","G-EUDE-P004-2024","BL004","CVA Transfers","Unconditional cash transfers","55386","57601","29953","6336","40897","EUR","Cash assistance payment","WASH","Service delivery","766","705","240","190","148","127","Missing","In progress","On time","High","Review","Synthetic anonymised portfolio record","Cycle 3","110","153","16830","In progress","Port Sudan Base","Prepaid card","High"
"TXN-SYN-0035","2024-11-10","2024","Q4","November","P005","Venezuela-Colombia Multi-Donor Response","Venezuela/Colombia","Bogota","Bogota Office","D008","Red Cross Movement","G-REDC-P005-2024","BL005","CVA Transfers","Winter cash top-up","56765","59603","31590","7152","44106","CHF","Cash assistance payment","Multi-sector","Service delivery","0","0","0","0","0","0","Complete","Gap identified","Late","High","Review","Synthetic anonymised portfolio record","Cycle 4","125","0","0","Pending","Bogota Office","Mobile money","High"
"TXN-SYN-0036","2024-12-13","2024","Q4","December","P006","Syria Health Mission Support","Syria","Damascus","Damascus Mission Office","D009","Private Foundation","G-PRIV-P006-2024","BL006","WASH Infrastructure","Water point rehabilitation","58144","56400","30456","7332","43428","USD","Health service support","Health","Support","804","756","257","204","159","136","Complete","Complete","On time","Low","Compliant","Synthetic anonymised portfolio record","N/A","0","0","0","N/A","Damascus Mission Office","N/A","Low"
"TXN-SYN-0037","2024-01-16","2024","Q1","January","P001","Ukraine Health+ Response","Ukraine","Kyiv","Kyiv Base","D010","Own Funds","G-OWNF-P001-2024","BL007","Health Services","Primary health service support","59523","58333","32083","8167","46667","EUR","Health service support","Health","In-kind","823","782","266","211","164","141","Complete","Complete","On time","Low","Compliant","Synthetic anonymised portfolio record","N/A","0","0","0","N/A","Kyiv Base","N/A","Low"
"TXN-SYN-0038","2024-02-19","2024","Q1","February","P002","Ukraine Winter CVA","Ukraine","Lviv","Lviv Branch","D001","ECHO","G-ECHO-P002-2024","BL008","Logistics & Transport","Vehicle rental and fuel","60902","60293","33764","9044","50043","EUR","Cash assistance payment","CVA","Cash","842","488","166","132","102","88","Partial","In progress","On time","Medium","Review","Synthetic anonymised portfolio record","Cycle 3","170","106","18020","Pending","Lviv Branch","Prepaid card","Medium"
"TXN-SYN-0039","2024-03-22","2024","Q1","March","P003","Poland Refugee CVA","Poland","Warsaw","Warsaw Branch","D002","BMZ","G-BMZ-P003-2024","BL009","Training & Capacity Building","Branch and partner training","62281","62281","35500","1868","45465","EUR","Cash assistance payment","CVA","Cash","861","508","173","137","107","91","Missing","Gap identified","Late","High","Review","Synthetic anonymised portfolio record","Cycle 4","185","110","20350","Completed","Warsaw Branch","Mobile money","High"
"TXN-SYN-0040","2024-04-01","2024","Q2","April","P004","Sudan Food Security & WASH","Sudan","Port Sudan","Port Sudan Base","D003","GFFO","G-GFFO-P004-2024","BL010","Monitoring & Evaluation","PDM and field monitoring","63660","64297","37292","2572","48866","EUR","WASH service delivery","WASH","Service delivery","880","528","180","143","111","94","Complete","Complete","On time","Low","Compliant","Synthetic anonymised portfolio record","N/A","0","0","0","N/A","Port Sudan Base","N/A","Low"
"TXN-SYN-0041","2024-05-04","2024","Q2","May","P005","Venezuela-Colombia Multi-Donor Response","Venezuela/Colombia","Bogota","Bogota Office","D004","UNICEF","G-UNIC-P005-2024","BL011","Administration","Office running costs","65039","66340","39141","3317","52409","USD","Programme operations","Multi-sector","Service delivery","0","0","0","0","0","0","Complete","Complete","On time","Low","Compliant","Synthetic anonymised portfolio record","N/A","0","0","0","N/A","Bogota Office","N/A","Low"
"TXN-SYN-0042","2024-06-07","2024","Q2","June","P006","Syria Health Mission Support","Syria","Damascus","Damascus Mission Office","D005","USAID","G-USAI-P006-2024","BL012","Audit & Compliance","External audit and compliance checks","66418","68411","41047","4105","56098","USD","Health service support","Health","Support","918","569","193","154","119","103","Complete","In progress","On time","Medium","Review","Synthetic anonymised portfolio record","N/A","0","0","0","N/A","Damascus Mission Office","N/A","Medium"
"TXN-SYN-0043","2024-07-10","2024","Q3","July","P001","Ukraine Health+ Response","Ukraine","Kyiv","Kyiv Base","D006","AECID","G-AECI-P001-2024","BL014","Indirect Costs","Indirect cost recovery","67797","70509","43010","4936","59933","EUR","Health service support","Health","In-kind","937","590","201","159","124","106","Partial","Gap identified","Late","High","Review","Synthetic anonymised portfolio record","N/A","0","0","0","N/A","Kyiv Base","N/A","High"
"TXN-SYN-0044","2024-08-13","2024","Q3","August","P002","Ukraine Winter CVA","Ukraine","Lviv","Lviv Branch","D007","EU Delegation","G-EUDE-P002-2024","BL001","Human Resources","National staff salaries","69176","72635","45034","5811","63919","EUR","Cash assistance payment","CVA","Cash","956","612","208","165","129","110","Missing","Complete","On time","High","Review","Synthetic anonymised portfolio record","Cycle 1","140","133","18620","Pending","Lviv Branch","Prepaid card","High"
"TXN-SYN-0045","2024-09-16","2024","Q3","September","P003","Poland Refugee CVA","Poland","Warsaw","Warsaw Branch","D008","Red Cross Movement","G-REDC-P003-2024","BL003","Programme Supplies","Medical and programme supplies","70555","68438","43116","6159","62278","CHF","Cash assistance payment","CVA","Cash","975","634","216","171","133","114","Complete","Complete","On time","Low","Compliant","Synthetic anonymised portfolio record","Cycle 2","155","138","21390","Completed","Warsaw Branch","Mobile money","Low"
"TXN-SYN-0046","2024-10-19","2024","Q4","October","P004","Sudan Food Security & WASH","Sudan","Port Sudan","Port Sudan Base","D009","Private Foundation","G-PRIV-P004-2024","BL004","CVA Transfers","Unconditional cash transfers","71934","70495","45117","7050","66266","USD","Cash assistance payment","WASH","Service delivery","994","656","223","177","138","118","Complete","In progress","On time","Medium","Review","Synthetic anonymised portfolio record","Cycle 3","170","143","24310","In progress","Port Sudan Base","Prepaid card","Medium"
"TXN-SYN-0047","2024-11-22","2024","Q4","November","P005","Venezuela-Colombia Multi-Donor Response","Venezuela/Colombia","Bogota","Bogota Office","D010","Own Funds","G-OWNF-P005-2024","BL005","CVA Transfers","Winter cash top-up","73313","72580","47177","7984","70403","EUR","Cash assistance payment","Multi-sector","Service delivery","0","0","0","0","0","0","Complete","Gap identified","Late","High","Review","Synthetic anonymised portfolio record","Cycle 4","185","0","0","Pending","Bogota Office","Mobile money","High"
"TXN-SYN-0048","2024-12-01","2024","Q4","December","P006","Syria Health Mission Support","Syria","Damascus","Damascus Mission Office","D001","ECHO","G-ECHO-P006-2024","BL006","WASH Infrastructure","Water point rehabilitation","74692","74692","49297","8963","74692","EUR","Health service support","Health","Support","1032","702","239","190","147","126","Partial","Complete","On time","Low","Review","Synthetic anonymised portfolio record","N/A","0","0","0","N/A","Damascus Mission Office","N/A","Low"
"TXN-SYN-0049","2024-01-04","2024","Q1","January","P001","Ukraine Health+ Response","Ukraine","Kyiv","Kyiv Base","D002","BMZ","G-BMZ-P001-2024","BL007","Health Services","Primary health service support","76071","76832","51477","9988","79136","EUR","Health service support","Health","In-kind","1051","725","247","196","152","130","Missing","Complete","On time","High","Review","Synthetic anonymised portfolio record","N/A","0","0","0","N/A","Kyiv Base","N/A","High"
"TXN-SYN-0050","2024-02-07","2024","Q1","February","P002","Ukraine Winter CVA","Ukraine","Lviv","Lviv Branch","D003","GFFO","G-GFFO-P002-2024","BL008","Logistics & Transport","Vehicle rental and fuel","77450","78999","53719","11060","83739","EUR","Cash assistance payment","CVA","Cash","1070","749","255","202","157","135","Complete","In progress","On time","Medium","Review","Synthetic anonymised portfolio record","Cycle 3","110","163","17930","Pending","Lviv Branch","Prepaid card","Medium"
"TXN-SYN-0051","2024-03-10","2024","Q1","March","P003","Poland Refugee CVA","Poland","Warsaw","Warsaw Branch","D004","UNICEF","G-UNIC-P003-2024","BL009","Training & Capacity Building","Branch and partner training","78829","81194","56024","12179","74699","USD","Cash assistance payment","CVA","Cash","1089","773","263","209","162","139","Complete","Gap identified","Late","High","Review","Synthetic anonymised portfolio record","Cycle 4","125","168","21000","Completed","Warsaw Branch","Mobile money","High"
"TXN-SYN-0052","2024-04-13","2024","Q2","April","P004","Sudan Food Security & WASH","Sudan","Port Sudan","Port Sudan Base","D005","USAID","G-USAI-P004-2024","BL010","Monitoring & Evaluation","PDM and field monitoring","80208","83416","58391","2502","68400","USD","WASH service delivery","WASH","Service delivery","1108","798","271","215","168","144","Complete","Complete","On time","Low","Compliant","Synthetic anonymised portfolio record","N/A","0","0","0","N/A","Port Sudan Base","N/A","Low"
"TXN-SYN-0053","2024-05-16","2024","Q2","May","P005","Venezuela-Colombia Multi-Donor Response","Venezuela/Colombia","Bogota","Bogota Office","D006","AECID","G-AECI-P005-2024","BL011","Administration","Office running costs","81587","85666","60823","3427","72817","EUR","Programme operations","Multi-sector","Service delivery","0","0","0","0","0","0","Partial","Complete","On time","Low","Review","Synthetic anonymised portfolio record","N/A","0","0","0","N/A","Bogota Office","N/A","Low"
"TXN-SYN-0054","2024-06-19","2024","Q2","June","P006","Syria Health Mission Support","Syria","Damascus","Damascus Mission Office","D007","EU Delegation","G-EUDE-P006-2024","BL012","Audit & Compliance","External audit and compliance checks","82966","80477","57943","4024","70819","EUR","Health service support","Health","Support","1146","848","288","229","178","153","Missing","In progress","On time","High","Review","Synthetic anonymised portfolio record","N/A","0","0","0","N/A","Damascus Mission Office","N/A","High"
"TXN-SYN-0055","2024-07-22","2024","Q3","July","P001","Ukraine Health+ Response","Ukraine","Kyiv","Kyiv Base","D008","Red Cross Movement","G-REDC-P001-2024","BL014","Indirect Costs","Indirect cost recovery","84345","82658","60340","4959","75218","CHF","Health service support","Health","In-kind","1165","874","297","236","184","157","Complete","Gap identified","Late","High","Review","Synthetic anonymised portfolio record","N/A","0","0","0","N/A","Kyiv Base","N/A","High"
"TXN-SYN-0056","2024-08-01","2024","Q3","August","P002","Ukraine Winter CVA","Ukraine","Lviv","Lviv Branch","D009","Private Foundation","G-PRIV-P002-2024","BL001","Human Resources","National staff salaries","85724","84867","62802","5941","79776","USD","Cash assistance payment","CVA","Cash","1184","900","306","243","189","162","Complete","Complete","On time","Low","Compliant","Synthetic anonymised portfolio record","Cycle 1","80","196","15680","Pending","Lviv Branch","Prepaid card","Low"
"TXN-SYN-0057","2024-09-04","2024","Q3","September","P003","Poland Refugee CVA","Poland","Warsaw","Warsaw Branch","D010","Own Funds","G-OWNF-P003-2024","BL003","Programme Supplies","Medical and programme supplies","87103","87103","65327","6968","84489","EUR","Cash assistance payment","CVA","Cash","1203","926","315","250","194","167","Complete","Complete","On time","Low","Compliant","Synthetic anonymised portfolio record","Cycle 2","95","201","19095","Completed","Warsaw Branch","Mobile money","Low"
"TXN-SYN-0058","2024-10-07","2024","Q4","October","P004","Sudan Food Security & WASH","Sudan","Port Sudan","Port Sudan Base","D001","ECHO","G-ECHO-P004-2024","BL004","CVA Transfers","Unconditional cash transfers","88482","89367","67919","8043","89367","EUR","Cash assistance payment","WASH","Service delivery","1222","953","324","257","200","172","Partial","In progress","On time","Medium","Review","Synthetic anonymised portfolio record","Cycle 3","110","207","22770","In progress","Port Sudan Base","Prepaid card","Medium"
"TXN-SYN-0059","2024-11-10","2024","Q4","November","P005","Venezuela-Colombia Multi-Donor Response","Venezuela/Colombia","Bogota","Bogota Office","D002","BMZ","G-BMZ-P005-2024","BL005","CVA Transfers","Winter cash top-up","89861","91658","70577","9166","94408","EUR","Cash assistance payment","Multi-sector","Service delivery","0","0","0","0","0","0","Missing","Gap identified","Late","High","Review","Synthetic anonymised portfolio record","Cycle 4","125","0","0","Pending","Bogota Office","Mobile money","High"
"TXN-SYN-0060","2024-12-13","2024","Q4","December","P006","Syria Health Mission Support","Syria","Damascus","Damascus Mission Office","D003","GFFO","G-GFFO-P006-2024","BL006","WASH Infrastructure","Water point rehabilitation","9240","9517","7423","1047","10088","EUR","Health service support","Health","Support","1260","1008","343","272","212","181","Complete","Complete","On time","Low","Compliant","Synthetic anonymised portfolio record","N/A","0","0","0","N/A","Damascus Mission Office","N/A","Low"
"TXN-SYN-0061","2024-01-16","2024","Q1","January","P001","Ukraine Health+ Response","Ukraine","Kyiv","Kyiv Base","D004","UNICEF","G-UNIC-P001-2024","BL007","Health Services","Primary health service support","10619","11044","8725","1325","12038","USD","Health service support","Health","In-kind","1279","1036","352","280","218","186","Complete","Complete","On time","Low","Compliant","Synthetic anonymised portfolio record","N/A","0","0","0","N/A","Kyiv Base","N/A","Low"
"TXN-SYN-0062","2024-02-19","2024","Q1","February","P002","Ukraine Winter CVA","Ukraine","Lviv","Lviv Branch","D005","USAID","G-USAI-P002-2024","BL008","Logistics & Transport","Vehicle rental and fuel","11998","12598","2268","1638","6300","USD","Cash assistance payment","CVA","Cash","1298","1064","362","287","223","192","Complete","In progress","On time","Medium","Review","Synthetic anonymised portfolio record","Cycle 3","170","231","39270","Pending","Lviv Branch","Prepaid card","Medium"
"TXN-SYN-0063","2024-03-22","2024","Q1","March","P003","Poland Refugee CVA","Poland","Warsaw","Warsaw Branch","D006","AECID","G-AECI-P003-2024","BL009","Training & Capacity Building","Branch and partner training","13377","12976","2465","1817","6877","EUR","Cash assistance payment","CVA","Cash","1317","1093","372","295","230","196","Partial","Gap identified","Late","High","Review","Synthetic anonymised portfolio record","Cycle 4","185","238","44030","Completed","Warsaw Branch","Mobile money","High"
"TXN-SYN-0064","2024-04-01","2024","Q2","April","P004","Sudan Food Security & WASH","Sudan","Port Sudan","Port Sudan Base","D007","EU Delegation","G-EUDE-P004-2024","BL010","Monitoring & Evaluation","PDM and field monitoring","14756","14461","2892","2169","8098","EUR","WASH service delivery","WASH","Service delivery","1336","1122","381","303","236","202","Missing","Complete","On time","High","Review","Synthetic anonymised portfolio record","N/A","0","0","0","N/A","Port Sudan Base","N/A","High"
"TXN-SYN-0065","2024-05-04","2024","Q2","May","P005","Venezuela-Colombia Multi-Donor Response","Venezuela/Colombia","Bogota","Bogota Office","D008","Red Cross Movement","G-REDC-P005-2024","BL011","Administration","Office running costs","16135","15974","3355","479","7348","CHF","Programme operations","Multi-sector","Service delivery","0","0","0","0","0","0","Complete","Complete","On time","Low","Compliant","Synthetic anonymised portfolio record","N/A","0","0","0","N/A","Bogota Office","N/A","Low"
"TXN-SYN-0066","2024-06-07","2024","Q2","June","P006","Syria Health Mission Support","Syria","Damascus","Damascus Mission Office","D009","Private Foundation","G-PRIV-P006-2024","BL012","Audit & Compliance","External audit and compliance checks","17514","17514","3853","701","8582","USD","Health service support","Health","Support","1374","1182","402","319","248","213","Complete","In progress","On time","Medium","Review","Synthetic anonymised portfolio record","N/A","0","0","0","N/A","Damascus Mission Office","N/A","Medium"
"TXN-SYN-0067","2024-07-10","2024","Q3","July","P001","Ukraine Health+ Response","Ukraine","Kyiv","Kyiv Base","D010","Own Funds","G-OWNF-P001-2024","BL014","Indirect Costs","Indirect cost recovery","18893","19082","4389","954","9923","EUR","Health service support","Health","In-kind","1393","1212","412","327","255","218","Complete","Gap identified","Late","High","Review","Synthetic anonymised portfolio record","N/A","0","0","0","N/A","Kyiv Base","N/A","High"
"TXN-SYN-0068","2024-08-13","2024","Q3","August","P002","Ukraine Winter CVA","Ukraine","Lviv","Lviv Branch","D001","ECHO","G-ECHO-P002-2024","BL001","Human Resources","National staff salaries","20272","20677","4962","1241","7857","EUR","Cash assistance payment","CVA","Cash","1412","1243","423","336","261","223","Partial","Complete","On time","Low","Review","Synthetic anonymised portfolio record","Cycle 1","140","270","37800","Pending","Lviv Branch","Prepaid card","Low"
"TXN-SYN-0069","2024-09-16","2024","Q3","September","P003","Poland Refugee CVA","Poland","Warsaw","Warsaw Branch","D002","BMZ","G-BMZ-P003-2024","BL003","Programme Supplies","Medical and programme supplies","21651","22301","5575","1561","9143","EUR","Cash assistance payment","CVA","Cash","1431","1274","433","344","268","229","Missing","Complete","On time","High","Review","Synthetic anonymised portfolio record","Cycle 2","155","277","42935","Completed","Warsaw Branch","Mobile money","High"
"TXN-SYN-0070","2024-10-19","2024","Q4","October","P004","Sudan Food Security & WASH","Sudan","Port Sudan","Port Sudan Base","D003","GFFO","G-GFFO-P004-2024","BL004","CVA Transfers","Unconditional cash transfers","23030","23951","6227","1916","10538","EUR","Cash assistance payment","WASH","Service delivery","1450","1305","444","352","274","235","Complete","In progress","On time","Medium","Review","Synthetic anonymised portfolio record","Cycle 3","170","284","48280","In progress","Port Sudan Base","Prepaid card","Medium"
"TXN-SYN-0071","2024-11-22","2024","Q4","November","P005","Venezuela-Colombia Multi-Donor Response","Venezuela/Colombia","Bogota","Bogota Office","D004","UNICEF","G-UNIC-P005-2024","BL005","CVA Transfers","Winter cash top-up","24409","25629","6920","2307","12046","USD","Cash assistance payment","Multi-sector","Service delivery","0","0","0","0","0","0","Complete","Gap identified","Late","High","Review","Synthetic anonymised portfolio record","Cycle 4","185","0","0","Pending","Bogota Office","Mobile money","High"
"TXN-SYN-0072","2024-12-01","2024","Q4","December","P006","Syria Health Mission Support","Syria","Damascus","Damascus Mission Office","D005","USAID","G-USAI-P006-2024","BL006","WASH Infrastructure","Water point rehabilitation","25788","25014","7004","2501","12507","USD","Health service support","Health","Support","1488","1369","465","370","287","247","Complete","Complete","On time","Low","Compliant","Synthetic anonymised portfolio record","N/A","0","0","0","N/A","Damascus Mission Office","N/A","Low"
"TXN-SYN-0073","2024-01-04","2024","Q1","January","P001","Ukraine Health+ Response","Ukraine","Kyiv","Kyiv Base","D006","AECID","G-AECI-P001-2024","BL007","Health Services","Primary health service support","27167","26624","7721","2929","14111","EUR","Health service support","Health","In-kind","1507","1402","477","379","294","252","Partial","Complete","On time","Low","Review","Synthetic anonymised portfolio record","N/A","0","0","0","N/A","Kyiv Base","N/A","Low"
"TXN-SYN-0074","2024-02-07","2024","Q1","February","P002","Ukraine Winter CVA","Ukraine","Lviv","Lviv Branch","D007","EU Delegation","G-EUDE-P002-2024","BL008","Logistics & Transport","Vehicle rental and fuel","28546","28261","8478","3391","15826","EUR","Cash assistance payment","CVA","Cash","1526","1434","488","387","301","258","Missing","In progress","On time","High","Review","Synthetic anonymised portfolio record","Cycle 3","110","312","34320","Pending","Lviv Branch","Prepaid card","High"
"TXN-SYN-0075","2024-03-10","2024","Q1","March","P003","Poland Refugee CVA","Poland","Warsaw","Warsaw Branch","D008","Red Cross Movement","G-REDC-P003-2024","BL009","Training & Capacity Building","Branch and partner training","29925","29925","9277","3890","17656","CHF","Cash assistance payment","CVA","Cash","1545","1468","499","396","308","265","Complete","Gap identified","Late","High","Review","Synthetic anonymised portfolio record","Cycle 4","125","319","39875","Completed","Warsaw Branch","Mobile money","High"
"TXN-SYN-0076","2024-04-13","2024","Q2","April","P004","Sudan Food Security & WASH","Sudan","Port Sudan","Port Sudan Base","D009","Private Foundation","G-PRIV-P004-2024","BL010","Monitoring & Evaluation","PDM and field monitoring","31304","31617","10117","4426","19602","USD","WASH service delivery","WASH","Service delivery","1564","907","308","245","190","164","Complete","Complete","On time","Low","Compliant","Synthetic anonymised portfolio record","N/A","0","0","0","N/A","Port Sudan Base","N/A","Low"
"TXN-SYN-0077","2024-05-16","2024","Q2","May","P005","Venezuela-Colombia Multi-Donor Response","Venezuela/Colombia","Bogota","Bogota Office","D010","Own Funds","G-OWNF-P005-2024","BL011","Administration","Office running costs","32683","33337","11001","5001","21669","EUR","Programme operations","Multi-sector","Service delivery","0","0","0","0","0","0","Complete","Complete","On time","Low","Compliant","Synthetic anonymised portfolio record","N/A","0","0","0","N/A","Bogota Office","N/A","Low"
"TXN-SYN-0078","2024-06-19","2024","Q2","June","P006","Syria Health Mission Support","Syria","Damascus","Damascus Mission Office","D001","ECHO","G-ECHO-P006-2024","BL012","Audit & Compliance","External audit and compliance checks","34062","35084","11929","1053","19297","EUR","Health service support","Health","Support","1602","961","327","259","202","173","Partial","In progress","On time","Medium","Review","Synthetic anonymised portfolio record","N/A","0","0","0","N/A","Damascus Mission Office","N/A","Medium"
"TXN-SYN-0079","2024-07-22","2024","Q3","July","P001","Ukraine Health+ Response","Ukraine","Kyiv","Kyiv Base","D002","BMZ","G-BMZ-P001-2024","BL014","Indirect Costs","Indirect cost recovery","35441","36859","12901","1474","21378","EUR","Health service support","Health","In-kind","1621","989","336","267","208","178","Missing","Gap identified","Late","High","Review","Synthetic anonymised portfolio record","N/A","0","0","0","N/A","Kyiv Base","N/A","High"
"TXN-SYN-0080","2024-08-01","2024","Q3","August","P002","Ukraine Winter CVA","Ukraine","Lviv","Lviv Branch","D003","GFFO","G-GFFO-P002-2024","BL001","Human Resources","National staff salaries","36820","38661","13918","1933","23583","EUR","Cash assistance payment","CVA","Cash","1640","1017","346","275","214","182","Complete","Complete","On time","Low","Compliant","Synthetic anonymised portfolio record","Cycle 1","80","221","17680","Pending","Lviv Branch","Prepaid card","Low"
"TXN-SYN-0081","2024-09-04","2024","Q3","September","P003","Poland Refugee CVA","Poland","Warsaw","Warsaw Branch","D004","UNICEF","G-UNIC-P003-2024","BL003","Programme Supplies","Medical and programme supplies","38199","37053","13710","2223","23714","USD","Cash assistance payment","CVA","Cash","1659","1045","355","282","219","189","Complete","Complete","On time","Low","Compliant","Synthetic anonymised portfolio record","Cycle 2","95","227","21565","Completed","Warsaw Branch","Mobile money","Low"
"TXN-SYN-0082","2024-10-07","2024","Q4","October","P004","Sudan Food Security & WASH","Sudan","Port Sudan","Port Sudan Base","D005","USAID","G-USAI-P004-2024","BL004","CVA Transfers","Unconditional cash transfers","39578","38786","14739","2715","25987","USD","Cash assistance payment","WASH","Service delivery","1678","1074","365","290","226","193","Complete","In progress","On time","Medium","Review","Synthetic anonymised portfolio record","Cycle 3","110","233","25630","In progress","Port Sudan Base","Prepaid card","Medium"
"TXN-SYN-0083","2024-11-10","2024","Q4","November","P005","Venezuela-Colombia Multi-Donor Response","Venezuela/Colombia","Bogota","Bogota Office","D006","AECID","G-AECI-P005-2024","BL005","CVA Transfers","Winter cash top-up","40957","40547","15813","3244","28383","EUR","Cash assistance payment","Multi-sector","Service delivery","0","0","0","0","0","0","Partial","Gap identified","Late","High","Review","Synthetic anonymised portfolio record","Cycle 4","125","0","0","Pending","Bogota Office","Mobile money","High"
"TXN-SYN-0084","2024-12-13","2024","Q4","December","P006","Syria Health Mission Support","Syria","Damascus","Damascus Mission Office","D007","EU Delegation","G-EUDE-P006-2024","BL006","WASH Infrastructure","Water point rehabilitation","42336","42336","16934","3810","30905","EUR","Health service support","Health","Support","1716","1133","385","306","238","204","Missing","Complete","On time","High","Review","Synthetic anonymised portfolio record","N/A","0","0","0","N/A","Damascus Mission Office","N/A","High"
"TXN-SYN-0085","2024-01-16","2024","Q1","January","P001","Ukraine Health+ Response","Ukraine","Kyiv","Kyiv Base","D008","Red Cross Movement","G-REDC-P001-2024","BL007","Health Services","Primary health service support","43715","44152","18102","4415","26049","CHF","Health service support","Health","In-kind","1735","1162","395","314","244","209","Complete","Complete","On time","Low","Compliant","Synthetic anonymised portfolio record","N/A","0","0","0","N/A","Kyiv Base","N/A","Low"
"TXN-SYN-0086","2024-02-19","2024","Q1","February","P002","Ukraine Winter CVA","Ukraine","Lviv","Lviv Branch","D009","Private Foundation","G-PRIV-P002-2024","BL008","Logistics & Transport","Vehicle rental and fuel","45094","45996","19318","5060","28518","USD","Cash assistance payment","CVA","Cash","1754","1193","406","322","251","214","Complete","In progress","On time","Medium","Review","Synthetic anonymised portfolio record","Cycle 3","170","259","44030","Pending","Lviv Branch","Prepaid card","Medium"
"TXN-SYN-0087","2024-03-22","2024","Q1","March","P003","Poland Refugee CVA","Poland","Warsaw","Warsaw Branch","D010","Own Funds","G-OWNF-P003-2024","BL009","Training & Capacity Building","Branch and partner training","46473","47867","20583","5744","31114","EUR","Cash assistance payment","CVA","Cash","1773","1223","416","330","257","220","Complete","Gap identified","Late","High","Review","Synthetic anonymised portfolio record","Cycle 4","185","266","49210","Completed","Warsaw Branch","Mobile money","High"
"TXN-SYN-0088","2024-04-01","2024","Q2","April","P004","Sudan Food Security & WASH","Sudan","Port Sudan","Port Sudan Base","D001","ECHO","G-ECHO-P004-2024","BL010","Monitoring & Evaluation","PDM and field monitoring","47852","49766","21897","6470","33841","EUR","WASH service delivery","WASH","Service delivery","1792","1254","426","339","263","226","Partial","Complete","On time","Low","Review","Synthetic anonymised portfolio record","N/A","0","0","0","N/A","Port Sudan Base","N/A","Low"
"TXN-SYN-0089","2024-05-04","2024","Q2","May","P005","Venezuela-Colombia Multi-Donor Response","Venezuela/Colombia","Bogota","Bogota Office","D002","BMZ","G-BMZ-P005-2024","BL011","Administration","Office running costs","49231","51693","23262","7237","36702","EUR","Programme operations","Multi-sector","Service delivery","0","0","0","0","0","0","Missing","Complete","On time","High","Review","Synthetic anonymised portfolio record","N/A","0","0","0","N/A","Bogota Office","N/A","High"
"TXN-SYN-0090","2024-06-07","2024","Q2","June","P006","Syria Health Mission Support","Syria","Damascus","Damascus Mission Office","D003","GFFO","G-GFFO-P006-2024","BL012","Audit & Compliance","External audit and compliance checks","50610","49092","22582","7364","36328","EUR","Health service support","Health","Support","1830","1318","448","356","277","237","Complete","In progress","On time","Medium","Review","Synthetic anonymised portfolio record","N/A","0","0","0","N/A","Damascus Mission Office","N/A","Medium"
"TXN-SYN-0091","2024-07-10","2024","Q3","July","P001","Ukraine Health+ Response","Ukraine","Kyiv","Kyiv Base","D004","UNICEF","G-UNIC-P001-2024","BL014","Indirect Costs","Indirect cost recovery","51989","50949","23946","1528","32607","USD","Health service support","Health","In-kind","1849","1350","459","365","284","242","Complete","Gap identified","Late","High","Review","Synthetic anonymised portfolio record","N/A","0","0","0","N/A","Kyiv Base","N/A","High"
"TXN-SYN-0092","2024-08-13","2024","Q3","August","P002","Ukraine Winter CVA","Ukraine","Lviv","Lviv Branch","D005","USAID","G-USAI-P002-2024","BL001","Human Resources","National staff salaries","53368","52834","25360","2113","35398","USD","Cash assistance payment","CVA","Cash","1868","1382","470","373","290","249","Complete","Complete","On time","Low","Compliant","Synthetic anonymised portfolio record","Cycle 1","140","300","42000","Pending","Lviv Branch","Prepaid card","Low"
"TXN-SYN-0093","2024-09-16","2024","Q3","September","P003","Poland Refugee CVA","Poland","Warsaw","Warsaw Branch","D006","AECID","G-AECI-P003-2024","BL003","Programme Supplies","Medical and programme supplies","54747","54747","26826","2737","38323","EUR","Cash assistance payment","CVA","Cash","1887","1415","481","382","297","255","Partial","Complete","On time","Low","Review","Synthetic anonymised portfolio record","Cycle 2","155","308","47740","Completed","Warsaw Branch","Mobile money","Low"
"TXN-SYN-0094","2024-10-19","2024","Q4","October","P004","Sudan Food Security & WASH","Sudan","Port Sudan","Port Sudan Base","D007","EU Delegation","G-EUDE-P004-2024","BL004","CVA Transfers","Unconditional cash transfers","56126","56687","28344","3401","41382","EUR","Cash assistance payment","WASH","Service delivery","1906","1449","493","391","304","261","Missing","In progress","On time","High","Review","Synthetic anonymised portfolio record","Cycle 3","170","315","53550","In progress","Port Sudan Base","Prepaid card","High"
"TXN-SYN-0095","2024-11-22","2024","Q4","November","P005","Venezuela-Colombia Multi-Donor Response","Venezuela/Colombia","Bogota","Bogota Office","D008","Red Cross Movement","G-REDC-P005-2024","BL005","CVA Transfers","Winter cash top-up","57505","58655","29914","4106","44578","CHF","Cash assistance payment","Multi-sector","Service delivery","0","0","0","0","0","0","Complete","Gap identified","Late","High","Review","Synthetic anonymised portfolio record","Cycle 4","185","0","0","Pending","Bogota Office","Mobile money","High"
"TXN-SYN-0096","2024-12-01","2024","Q4","December","P006","Syria Health Mission Support","Syria","Damascus","Damascus Mission Office","D009","Private Foundation","G-PRIV-P006-2024","BL006","WASH Infrastructure","Water point rehabilitation","58884","60651","31539","4852","47915","USD","Health service support","Health","Support","1944","1516","515","409","318","274","Complete","Complete","On time","Low","Compliant","Synthetic anonymised portfolio record","N/A","0","0","0","N/A","Damascus Mission Office","N/A","Low"
"TXN-SYN-0097","2024-01-04","2024","Q1","January","P001","Ukraine Health+ Response","Ukraine","Kyiv","Kyiv Base","D010","Own Funds","G-OWNF-P001-2024","BL007","Health Services","Primary health service support","60263","62674","33217","5641","51393","EUR","Health service support","Health","In-kind","1963","1551","527","419","326","279","Complete","Complete","On time","Low","Compliant","Synthetic anonymised portfolio record","N/A","0","0","0","N/A","Kyiv Base","N/A","Low"
"TXN-SYN-0098","2024-02-07","2024","Q1","February","P002","Ukraine Winter CVA","Ukraine","Lviv","Lviv Branch","D001","ECHO","G-ECHO-P002-2024","BL008","Logistics & Transport","Vehicle rental and fuel","61642","64724","34951","6472","55015","EUR","Cash assistance payment","CVA","Cash","1982","1586","539","428","333","286","Partial","In progress","On time","Medium","Review","Synthetic anonymised portfolio record","Cycle 3","110","345","37950","Pending","Lviv Branch","Prepaid card","Medium"
"TXN-SYN-0099","2024-03-10","2024","Q1","March","P003","Poland Refugee CVA","Poland","Warsaw","Warsaw Branch","D002","BMZ","G-BMZ-P003-2024","BL009","Training & Capacity Building","Branch and partner training","63021","61130","33622","6724","53795","EUR","Cash assistance payment","CVA","Cash","2001","1621","551","438","340","292","Missing","Gap identified","Late","High","Review","Synthetic anonymised portfolio record","Cycle 4","125","352","44000","Completed","Warsaw Branch","Mobile money","High"
"TXN-SYN-0100","2024-04-13","2024","Q2","April","P004","Sudan Food Security & WASH","Sudan","Port Sudan","Port Sudan Base","D003","GFFO","G-GFFO-P004-2024","BL010","Monitoring & Evaluation","PDM and field monitoring","64400","63112","35343","7573","57432","EUR","WASH service delivery","WASH","Service delivery","2020","1656","563","447","348","298","Complete","Complete","On time","Low","Compliant","Synthetic anonymised portfolio record","N/A","0","0","0","N/A","Port Sudan Base","N/A","Low"
"TXN-SYN-0101","2024-05-16","2024","Q2","May","P005","Venezuela-Colombia Multi-Donor Response","Venezuela/Colombia","Bogota","Bogota Office","D004","UNICEF","G-UNIC-P005-2024","BL011","Administration","Office running costs","65779","65121","37119","8466","61214","USD","Programme operations","Multi-sector","Service delivery","0","0","0","0","0","0","Complete","Complete","On time","Low","Compliant","Synthetic anonymised portfolio record","N/A","0","0","0","N/A","Bogota Office","N/A","Low"
"TXN-SYN-0102","2024-06-19","2024","Q2","June","P006","Syria Health Mission Support","Syria","Damascus","Damascus Mission Office","D005","USAID","G-USAI-P006-2024","BL012","Audit & Compliance","External audit and compliance checks","67158","67158","38952","9402","53727","USD","Health service support","Health","Support","2058","1729","588","467","363","311","Complete","In progress","On time","Medium","Review","Synthetic anonymised portfolio record","N/A","0","0","0","N/A","Damascus Mission Office","N/A","Medium"
"TXN-SYN-0103","2024-07-22","2024","Q3","July","P001","Ukraine Health+ Response","Ukraine","Kyiv","Kyiv Base","D006","AECID","G-AECI-P001-2024","BL014","Indirect Costs","Indirect cost recovery","68537","69222","40841","10383","57454","EUR","Health service support","Health","In-kind","2077","1765","600","477","371","317","Partial","Gap identified","Late","High","Review","Synthetic anonymised portfolio record","N/A","0","0","0","N/A","Kyiv Base","N/A","High"
"TXN-SYN-0104","2024-08-01","2024","Q3","August","P002","Ukraine Winter CVA","Ukraine","Lviv","Lviv Branch","D007","EU Delegation","G-EUDE-P002-2024","BL001","Human Resources","National staff salaries","69916","71314","42788","2139","52058","EUR","Cash assistance payment","CVA","Cash","2096","1803","613","487","379","324","Missing","Complete","On time","High","Review","Synthetic anonymised portfolio record","Cycle 1","80","392","31360","Pending","Lviv Branch","Prepaid card","High"
"TXN-SYN-0105","2024-09-04","2024","Q3","September","P003","Poland Refugee CVA","Poland","Warsaw","Warsaw Branch","D008","Red Cross Movement","G-REDC-P003-2024","BL003","Programme Supplies","Medical and programme supplies","71295","73434","44795","2937","55810","CHF","Cash assistance payment","CVA","Cash","2115","1840","626","497","386","331","Complete","Complete","On time","Low","Compliant","Synthetic anonymised portfolio record","Cycle 2","95","400","38000","Completed","Warsaw Branch","Mobile money","Low"
"TXN-SYN-0106","2024-10-07","2024","Q4","October","P004","Sudan Food Security & WASH","Sudan","Port Sudan","Port Sudan Base","D009","Private Foundation","G-PRIV-P004-2024","BL004","CVA Transfers","Unconditional cash transfers","72674","75581","46860","3779","59709","USD","Cash assistance payment","WASH","Service delivery","2134","1878","639","507","394","338","Complete","In progress","On time","Medium","Review","Synthetic anonymised portfolio record","Cycle 3","110","408","44880","In progress","Port Sudan Base","Prepaid card","Medium"
"TXN-SYN-0107","2024-11-10","2024","Q4","November","P005","Venezuela-Colombia Multi-Donor Response","Venezuela/Colombia","Bogota","Bogota Office","D010","Own Funds","G-OWNF-P005-2024","BL005","CVA Transfers","Winter cash top-up","74053","77756","48986","4665","63759","EUR","Cash assistance payment","Multi-sector","Service delivery","0","0","0","0","0","0","Complete","Gap identified","Late","High","Review","Synthetic anonymised portfolio record","Cycle 4","125","0","0","Pending","Bogota Office","Mobile money","High"
"TXN-SYN-0108","2024-12-13","2024","Q4","December","P006","Syria Health Mission Support","Syria","Damascus","Damascus Mission Office","D001","ECHO","G-ECHO-P006-2024","BL006","WASH Infrastructure","Water point rehabilitation","75432","73169","46828","5122","62194","EUR","Health service support","Health","Support","2172","1955","665","528","411","351","Partial","Complete","On time","Low","Review","Synthetic anonymised portfolio record","N/A","0","0","0","N/A","Damascus Mission Office","N/A","Low"
"TXN-SYN-0109","2024-01-16","2024","Q1","January","P001","Ukraine Health+ Response","Ukraine","Kyiv","Kyiv Base","D002","BMZ","G-BMZ-P001-2024","BL007","Health Services","Primary health service support","76811","75275","48929","6022","66242","EUR","Health service support","Health","In-kind","2191","1994","678","538","419","359","Missing","Complete","On time","High","Review","Synthetic anonymised portfolio record","N/A","0","0","0","N/A","Kyiv Base","N/A","High"
"TXN-SYN-0110","2024-02-19","2024","Q1","February","P002","Ukraine Winter CVA","Ukraine","Lviv","Lviv Branch","D003","GFFO","G-GFFO-P002-2024","BL008","Logistics & Transport","Vehicle rental and fuel","78190","77408","51089","6967","70441","EUR","Cash assistance payment","CVA","Cash","2210","2033","691","549","427","366","Complete","In progress","On time","Medium","Review","Synthetic anonymised portfolio record","Cycle 3","170","442","75140","Pending","Lviv Branch","Prepaid card","Medium"
"TXN-SYN-0111","2024-03-22","2024","Q1","March","P003","Poland Refugee CVA","Poland","Warsaw","Warsaw Branch","D004","UNICEF","G-UNIC-P003-2024","BL009","Training & Capacity Building","Branch and partner training","79569","79569","53311","7957","74795","USD","Cash assistance payment","CVA","Cash","2229","2073","705","560","435","373","Complete","Gap identified","Late","High","Review","Synthetic anonymised portfolio record","Cycle 4","185","451","83435","Completed","Warsaw Branch","Mobile money","High"
"TXN-SYN-0112","2024-04-01","2024","Q2","April","P004","Sudan Food Security & WASH","Sudan","Port Sudan","Port Sudan Base","D005","USAID","G-USAI-P004-2024","BL010","Monitoring & Evaluation","PDM and field monitoring","80948","81757","55595","8993","79304","USD","WASH service delivery","WASH","Service delivery","2248","2113","718","571","444","380","Complete","Complete","On time","Low","Compliant","Synthetic anonymised portfolio record","N/A","0","0","0","N/A","Port Sudan Base","N/A","Low"
"TXN-SYN-0113","2024-05-04","2024","Q2","May","P005","Venezuela-Colombia Multi-Donor Response","Venezuela/Colombia","Bogota","Bogota Office","D006","AECID","G-AECI-P005-2024","BL011","Administration","Office running costs","82327","83974","57942","10077","83974","EUR","Programme operations","Multi-sector","Service delivery","0","0","0","0","0","0","Partial","Complete","On time","Low","Review","Synthetic anonymised portfolio record","N/A","0","0","0","N/A","Bogota Office","N/A","Low"
"TXN-SYN-0114","2024-06-07","2024","Q2","June","P006","Syria Health Mission Support","Syria","Damascus","Damascus Mission Office","D007","EU Delegation","G-EUDE-P006-2024","BL012","Audit & Compliance","External audit and compliance checks","83706","86217","60352","11208","88803","EUR","Health service support","Health","Support","2286","1326","451","358","278","239","Missing","In progress","On time","High","Review","Synthetic anonymised portfolio record","N/A","0","0","0","N/A","Damascus Mission Office","N/A","High"
"TXN-SYN-0115","2024-07-10","2024","Q3","July","P001","Ukraine Health+ Response","Ukraine","Kyiv","Kyiv Base","D008","Red Cross Movement","G-REDC-P001-2024","BL014","Indirect Costs","Indirect cost recovery","85085","88488","62826","12388","93796","CHF","Health service support","Health","In-kind","2305","1360","462","367","286","245","Complete","Gap identified","Late","High","Review","Synthetic anonymised portfolio record","N/A","0","0","0","N/A","Kyiv Base","N/A","High"
"TXN-SYN-0116","2024-08-13","2024","Q3","August","P002","Ukraine Winter CVA","Ukraine","Lviv","Lviv Branch","D009","Private Foundation","G-PRIV-P002-2024","BL001","Human Resources","National staff salaries","86464","90787","65367","13618","98958","USD","Cash assistance payment","CVA","Cash","2324","1394","474","376","293","251","Complete","Complete","On time","Low","Compliant","Synthetic anonymised portfolio record","Cycle 1","140","303","42420","Pending","Lviv Branch","Prepaid card","Low"
"TXN-SYN-0117","2024-09-16","2024","Q3","September","P003","Poland Refugee CVA","Poland","Warsaw","Warsaw Branch","D010","Own Funds","G-OWNF-P003-2024","BL003","Programme Supplies","Medical and programme supplies","87843","85208","62202","2556","84356","EUR","Cash assistance payment","CVA","Cash","2343","1429","486","386","300","257","Complete","Complete","On time","Low","Compliant","Synthetic anonymised portfolio record","Cycle 2","155","311","48205","Completed","Warsaw Branch","Mobile money","Low"
"TXN-SYN-0118","2024-10-19","2024","Q4","October","P004","Sudan Food Security & WASH","Sudan","Port Sudan","Port Sudan Base","D001","ECHO","G-ECHO-P004-2024","BL004","CVA Transfers","Unconditional cash transfers","89222","87438","64704","3498","89187","EUR","Cash assistance payment","WASH","Service delivery","2362","1464","498","395","307","264","Partial","In progress","On time","Medium","Review","Synthetic anonymised portfolio record","Cycle 3","170","318","54060","In progress","Port Sudan Base","Prepaid card","Medium"
"TXN-SYN-0119","2024-11-22","2024","Q4","November","P005","Venezuela-Colombia Multi-Donor Response","Venezuela/Colombia","Bogota","Bogota Office","D002","BMZ","G-BMZ-P005-2024","BL005","CVA Transfers","Winter cash top-up","8601","8515","6386","426","7493","EUR","Cash assistance payment","Multi-sector","Service delivery","0","0","0","0","0","0","Missing","Gap identified","Late","High","Review","Synthetic anonymised portfolio record","Cycle 4","185","0","0","Pending","Bogota Office","Mobile money","High"
"TXN-SYN-0120","2024-12-01","2024","Q4","December","P006","Syria Health Mission Support","Syria","Damascus","Damascus Mission Office","D003","GFFO","G-GFFO-P006-2024","BL006","WASH Infrastructure","Water point rehabilitation","9980","9980","7585","599","9082","EUR","Health service support","Health","Support","2400","1536","522","415","323","276","Complete","Complete","On time","Low","Compliant","Synthetic anonymised portfolio record","N/A","0","0","0","N/A","Damascus Mission Office","N/A","Low"
"TXN-SYN-0121","2024-01-04","2024","Q1","January","P001","Ukraine Health+ Response","Ukraine","Kyiv","Kyiv Base","D004","UNICEF","G-UNIC-P001-2024","BL007","Health Services","Primary health service support","11359","11473","8834","803","10784","USD","Health service support","Health","In-kind","2419","1572","534","424","330","284","Complete","Complete","On time","Low","Compliant","Synthetic anonymised portfolio record","N/A","0","0","0","N/A","Kyiv Base","N/A","Low"
"TXN-SYN-0122","2024-02-07","2024","Q1","February","P002","Ukraine Winter CVA","Ukraine","Lviv","Lviv Branch","D005","USAID","G-USAI-P002-2024","BL008","Logistics & Transport","Vehicle rental and fuel","12738","12993","10135","1039","12603","USD","Cash assistance payment","CVA","Cash","2438","1609","547","434","338","290","Complete","In progress","On time","Medium","Review","Synthetic anonymised portfolio record","Cycle 3","110","350","38500","Pending","Lviv Branch","Prepaid card","Medium"
"TXN-SYN-0123","2024-03-10","2024","Q1","March","P003","Poland Refugee CVA","Poland","Warsaw","Warsaw Branch","D006","AECID","G-AECI-P003-2024","BL009","Training & Capacity Building","Branch and partner training","14117","14541","11487","1309","14541","EUR","Cash assistance payment","CVA","Cash","2457","1646","560","444","346","296","Partial","Gap identified","Late","High","Review","Synthetic anonymised portfolio record","Cycle 4","125","358","44750","Completed","Warsaw Branch","Mobile money","High"
"TXN-SYN-0124","2024-04-13","2024","Q2","April","P004","Sudan Food Security & WASH","Sudan","Port Sudan","Port Sudan Base","D007","EU Delegation","G-EUDE-P004-2024","BL010","Monitoring & Evaluation","PDM and field monitoring","15496","16116","2901","1612","6608","EUR","WASH service delivery","WASH","Service delivery","2476","1684","573","455","354","302","Missing","Complete","On time","High","Review","Synthetic anonymised portfolio record","N/A","0","0","0","N/A","Port Sudan Base","N/A","High"
"TXN-SYN-0125","2024-05-16","2024","Q2","May","P005","Venezuela-Colombia Multi-Donor Response","Venezuela/Colombia","Bogota","Bogota Office","D008","Red Cross Movement","G-REDC-P005-2024","BL011","Administration","Office running costs","16875","17719","3367","1949","7797","CHF","Programme operations","Multi-sector","Service delivery","0","0","0","0","0","0","Complete","Complete","On time","Low","Compliant","Synthetic anonymised portfolio record","N/A","0","0","0","N/A","Bogota Office","N/A","Low"
"TXN-SYN-0126","2024-06-19","2024","Q2","June","P006","Syria Health Mission Support","Syria","Damascus","Damascus Mission Office","D009","Private Foundation","G-PRIV-P006-2024","BL012","Audit & Compliance","External audit and compliance checks","18254","17706","3541","2125","8322","USD","Health service support","Health","Support","2514","1760","598","475","370","317","Complete","In progress","On time","Medium","Review","Synthetic anonymised portfolio record","N/A","0","0","0","N/A","Damascus Mission Office","N/A","Medium"
"TXN-SYN-0127","2024-07-22","2024","Q3","July","P001","Ukraine Health+ Response","Ukraine","Kyiv","Kyiv Base","D010","Own Funds","G-OWNF-P001-2024","BL014","Indirect Costs","Indirect cost recovery","19633","19240","4040","2501","9619","EUR","Health service support","Health","In-kind","2533","1798","611","485","378","324","Complete","Gap identified","Late","High","Review","Synthetic anonymised portfolio record","N/A","0","0","0","N/A","Kyiv Base","N/A","High"
"TXN-SYN-0128","2024-08-01","2024","Q3","August","P002","Ukraine Winter CVA","Ukraine","Lviv","Lviv Branch","D001","ECHO","G-ECHO-P002-2024","BL001","Human Resources","National staff salaries","21012","20802","4576","2912","11024","EUR","Cash assistance payment","CVA","Cash","2552","1837","625","496","386","330","Partial","Complete","On time","Low","Review","Synthetic anonymised portfolio record","Cycle 1","80","399","31920","Pending","Lviv Branch","Prepaid card","Low"
"TXN-SYN-0129","2024-09-04","2024","Q3","September","P003","Poland Refugee CVA","Poland","Warsaw","Warsaw Branch","D002","BMZ","G-BMZ-P003-2024","BL003","Programme Supplies","Medical and programme supplies","22391","22391","5150","3359","12539","EUR","Cash assistance payment","CVA","Cash","2571","1877","638","507","394","338","Missing","Complete","On time","High","Review","Synthetic anonymised portfolio record","Cycle 2","95","408","38760","Completed","Warsaw Branch","Mobile money","High"
"TXN-SYN-0130","2024-10-07","2024","Q4","October","P004","Sudan Food Security & WASH","Sudan","Port Sudan","Port Sudan Base","D003","GFFO","G-GFFO-P004-2024","BL004","CVA Transfers","Unconditional cash transfers","23770","24008","5762","720","11044","EUR","Cash assistance payment","WASH","Service delivery","2590","1917","652","518","403","344","Complete","In progress","On time","Medium","Review","Synthetic anonymised portfolio record","Cycle 3","110","417","45870","In progress","Port Sudan Base","Prepaid card","Medium"
"TXN-SYN-0131","2024-11-10","2024","Q4","November","P005","Venezuela-Colombia Multi-Donor Response","Venezuela/Colombia","Bogota","Bogota Office","D004","UNICEF","G-UNIC-P005-2024","BL005","CVA Transfers","Winter cash top-up","25149","25652","6413","1026","12569","USD","Cash assistance payment","Multi-sector","Service delivery","0","0","0","0","0","0","Complete","Gap identified","Late","High","Review","Synthetic anonymised portfolio record","Cycle 4","125","0","0","Pending","Bogota Office","Mobile money","High"
"TXN-SYN-0132","2024-12-13","2024","Q4","December","P006","Syria Health Mission Support","Syria","Damascus","Damascus Mission Office","D005","USAID","G-USAI-P006-2024","BL006","WASH Infrastructure","Water point rehabilitation","26528","27324","7104","1366","14208","USD","Health service support","Health","Support","2628","1997","679","539","419","360","Complete","Complete","On time","Low","Compliant","Synthetic anonymised portfolio record","N/A","0","0","0","N/A","Damascus Mission Office","N/A","Low"
"TXN-SYN-0133","2024-01-16","2024","Q1","January","P001","Ukraine Health+ Response","Ukraine","Kyiv","Kyiv Base","D006","AECID","G-AECI-P001-2024","BL007","Health Services","Primary health service support","27907","29023","7836","1741","15962","EUR","Health service support","Health","In-kind","2647","2038","693","550","428","367","Partial","Complete","On time","Low","Review","Synthetic anonymised portfolio record","N/A","0","0","0","N/A","Kyiv Base","N/A","Low"
"TXN-SYN-0134","2024-02-19","2024","Q1","February","P002","Ukraine Winter CVA","Ukraine","Lviv","Lviv Branch","D007","EU Delegation","G-EUDE-P002-2024","BL008","Logistics & Transport","Vehicle rental and fuel","29286","30750","8610","2153","17836","EUR","Cash assistance payment","CVA","Cash","2666","2079","707","561","437","374","Missing","In progress","On time","High","Review","Synthetic anonymised portfolio record","Cycle 3","170","452","76840","Pending","Lviv Branch","Prepaid card","High"
"TXN-SYN-0135","2024-03-22","2024","Q1","March","P003","Poland Refugee CVA","Poland","Warsaw","Warsaw Branch","D008","Red Cross Movement","G-REDC-P003-2024","BL009","Training & Capacity Building","Branch and partner training","30665","29745","8626","2380","18145","CHF","Cash assistance payment","CVA","Cash","2685","2121","721","573","445","382","Complete","Gap identified","Late","High","Review","Synthetic anonymised portfolio record","Cycle 4","185","461","85285","Completed","Warsaw Branch","Mobile money","High"
"TXN-SYN-0136","2024-04-01","2024","Q2","April","P004","Sudan Food Security & WASH","Sudan","Port Sudan","Port Sudan Base","D009","Private Foundation","G-PRIV-P004-2024","BL010","Monitoring & Evaluation","PDM and field monitoring","32044","31403","9421","2826","14759","USD","WASH service delivery","WASH","Service delivery","2704","2163","735","584","454","390","Complete","Complete","On time","Low","Compliant","Synthetic anonymised portfolio record","N/A","0","0","0","N/A","Port Sudan Base","N/A","Low"
"TXN-SYN-0137","2024-05-04","2024","Q2","May","P005","Venezuela-Colombia Multi-Donor Response","Venezuela/Colombia","Bogota","Bogota Office","D010","Own Funds","G-OWNF-P005-2024","BL011","Administration","Office running costs","33423","33089","10258","3309","16545","EUR","Programme operations","Multi-sector","Service delivery","0","0","0","0","0","0","Complete","Complete","On time","Low","Compliant","Synthetic anonymised portfolio record","N/A","0","0","0","N/A","Bogota Office","N/A","Low"
"TXN-SYN-0138","2024-06-07","2024","Q2","June","P006","Syria Health Mission Support","Syria","Damascus","Damascus Mission Office","D001","ECHO","G-ECHO-P006-2024","BL012","Audit & Compliance","External audit and compliance checks","34802","34802","11137","3828","18445","EUR","Health service support","Health","Support","2742","2248","764","607","472","405","Partial","In progress","On time","Medium","Review","Synthetic anonymised portfolio record","N/A","0","0","0","N/A","Damascus Mission Office","N/A","Medium"
"TXN-SYN-0139","2024-07-10","2024","Q3","July","P001","Ukraine Health+ Response","Ukraine","Kyiv","Kyiv Base","D002","BMZ","G-BMZ-P001-2024","BL014","Indirect Costs","Indirect cost recovery","36181","36543","12059","4385","20464","EUR","Health service support","Health","In-kind","2761","2292","779","619","481","413","Missing","Gap identified","Late","High","Review","Synthetic anonymised portfolio record","N/A","0","0","0","N/A","Kyiv Base","N/A","High"
"TXN-SYN-0140","2024-08-13","2024","Q3","August","P002","Ukraine Winter CVA","Ukraine","Lviv","Lviv Branch","D003","GFFO","G-GFFO-P002-2024","BL001","Human Resources","National staff salaries","37560","38311","13026","4980","22603","EUR","Cash assistance payment","CVA","Cash","2780","2335","794","630","490","421","Complete","Complete","On time","Low","Compliant","Synthetic anonymised portfolio record","Cycle 1","140","508","71120","Pending","Lviv Branch","Prepaid card","Low"
"TXN-SYN-0141","2024-09-16","2024","Q3","September","P003","Poland Refugee CVA","Poland","Warsaw","Warsaw Branch","D004","UNICEF","G-UNIC-P003-2024","BL003","Programme Supplies","Medical and programme supplies","38939","40107","14037","5615","24866","USD","Cash assistance payment","CVA","Cash","2799","2379","809","642","500","428","Complete","Complete","On time","Low","Compliant","Synthetic anonymised portfolio record","Cycle 2","155","517","80135","Completed","Warsaw Branch","Mobile money","Low"
"TXN-SYN-0142","2024-10-19","2024","Q4","October","P004","Sudan Food Security & WASH","Sudan","Port Sudan","Port Sudan Base","D005","USAID","G-USAI-P004-2024","BL004","CVA Transfers","Unconditional cash transfers","40318","41931","15095","6290","27255","USD","Cash assistance payment","WASH","Service delivery","2818","2423","824","654","509","436","Complete","In progress","On time","Medium","Review","Synthetic anonymised portfolio record","Cycle 3","170","527","89590","In progress","Port Sudan Base","Prepaid card","Medium"
"TXN-SYN-0143","2024-11-22","2024","Q4","November","P005","Venezuela-Colombia Multi-Donor Response","Venezuela/Colombia","Bogota","Bogota Office","D006","AECID","G-AECI-P005-2024","BL005","CVA Transfers","Winter cash top-up","41697","43782","16199","1313","24079","EUR","Cash assistance payment","Multi-sector","Service delivery","0","0","0","0","0","0","Partial","Gap identified","Late","High","Review","Synthetic anonymised portfolio record","Cycle 4","185","0","0","Pending","Bogota Office","Mobile money","High"
"TXN-SYN-0144","2024-12-01","2024","Q4","December","P006","Syria Health Mission Support","Syria","Damascus","Damascus Mission Office","D007","EU Delegation","G-EUDE-P006-2024","BL006","WASH Infrastructure","Water point rehabilitation","43076","41784","15878","1671","24234","EUR","Health service support","Health","Support","2856","2513","854","679","528","452","Missing","Complete","On time","High","Review","Synthetic anonymised portfolio record","N/A","0","0","0","N/A","Damascus Mission Office","N/A","High"
"TXN-SYN-0145","2024-01-04","2024","Q1","January","P001","Ukraine Health+ Response","Ukraine","Kyiv","Kyiv Base","D008","Red Cross Movement","G-REDC-P001-2024","BL007","Health Services","Primary health service support","44455","43566","16991","2178","26575","CHF","Health service support","Health","In-kind","2875","2559","870","691","537","461","Complete","Complete","On time","Low","Compliant","Synthetic anonymised portfolio record","N/A","0","0","0","N/A","Kyiv Base","N/A","Low"
"TXN-SYN-0146","2024-02-07","2024","Q1","February","P002","Ukraine Winter CVA","Ukraine","Lviv","Lviv Branch","D009","Private Foundation","G-PRIV-P002-2024","BL008","Logistics & Transport","Vehicle rental and fuel","45834","45376","18150","2723","29041","USD","Cash assistance payment","CVA","Cash","2894","2605","886","703","547","469","Complete","In progress","On time","Medium","Review","Synthetic anonymised portfolio record","Cycle 3","110","566","62260","Pending","Lviv Branch","Prepaid card","Medium"
"TXN-SYN-0147","2024-03-10","2024","Q1","March","P003","Poland Refugee CVA","Poland","Warsaw","Warsaw Branch","D010","Own Funds","G-OWNF-P003-2024","BL009","Training & Capacity Building","Branch and partner training","47213","47213","19357","3305","31632","EUR","Cash assistance payment","CVA","Cash","2913","2651","901","716","557","477","Complete","Gap identified","Late","High","Review","Synthetic anonymised portfolio record","Cycle 4","125","576","72000","Completed","Warsaw Branch","Mobile money","High"
"TXN-SYN-0148","2024-04-13","2024","Q2","April","P004","Sudan Food Security & WASH","Sudan","Port Sudan","Port Sudan Base","D001","ECHO","G-ECHO-P004-2024","BL010","Monitoring & Evaluation","PDM and field monitoring","48592","49078","20613","3926","34355","EUR","WASH service delivery","WASH","Service delivery","132","121","41","33","25","22","Partial","Complete","On time","Low","Review","Synthetic anonymised portfolio record","N/A","0","0","0","N/A","Port Sudan Base","N/A","Low"
"TXN-SYN-0149","2024-05-16","2024","Q2","May","P005","Venezuela-Colombia Multi-Donor Response","Venezuela/Colombia","Bogota","Bogota Office","D002","BMZ","G-BMZ-P005-2024","BL011","Administration","Office running costs","49971","50970","21917","4587","37208","EUR","Programme operations","Multi-sector","Service delivery","0","0","0","0","0","0","Missing","Complete","On time","High","Review","Synthetic anonymised portfolio record","N/A","0","0","0","N/A","Bogota Office","N/A","High"
"TXN-SYN-0150","2024-06-19","2024","Q2","June","P006","Syria Health Mission Support","Syria","Damascus","Damascus Mission Office","D003","GFFO","G-GFFO-P006-2024","BL012","Audit & Compliance","External audit and compliance checks","51350","52891","23272","5289","40197","EUR","Health service support","Health","Support","170","160","54","43","34","29","Complete","In progress","On time","Medium","Review","Synthetic anonymised portfolio record","N/A","0","0","0","N/A","Damascus Mission Office","N/A","Medium"
"TXN-SYN-0151","2024-07-22","2024","Q3","July","P001","Ukraine Health+ Response","Ukraine","Kyiv","Kyiv Base","D004","UNICEF","G-UNIC-P001-2024","BL014","Indirect Costs","Indirect cost recovery","52729","54838","24677","6032","43322","USD","Health service support","Health","In-kind","189","180","61","49","38","32","Complete","Gap identified","Late","High","Review","Synthetic anonymised portfolio record","N/A","0","0","0","N/A","Kyiv Base","N/A","High"
"TXN-SYN-0152","2024-08-01","2024","Q3","August","P002","Ukraine Winter CVA","Ukraine","Lviv","Lviv Branch","D005","USAID","G-USAI-P002-2024","BL001","Human Resources","National staff salaries","54108","56813","26134","6818","46587","USD","Cash assistance payment","CVA","Cash","208","121","41","33","25","22","Complete","Complete","On time","Low","Compliant","Synthetic anonymised portfolio record","Cycle 1","80","26","2080","Pending","Lviv Branch","Prepaid card","Low"
"TXN-SYN-0153","2024-09-04","2024","Q3","September","P003","Poland Refugee CVA","Poland","Warsaw","Warsaw Branch","D006","AECID","G-AECI-P003-2024","BL003","Programme Supplies","Medical and programme supplies","55487","53822","25296","6997","36599","EUR","Cash assistance payment","CVA","Cash","227","134","46","36","28","24","Partial","Complete","On time","Low","Review","Synthetic anonymised portfolio record","Cycle 2","95","29","2755","Completed","Warsaw Branch","Mobile money","Low"
"TXN-SYN-0154","2024-10-07","2024","Q4","October","P004","Sudan Food Security & WASH","Sudan","Port Sudan","Port Sudan Base","D007","EU Delegation","G-EUDE-P004-2024","BL004","CVA Transfers","Unconditional cash transfers","56866","55729","26750","7802","39568","EUR","Cash assistance payment","WASH","Service delivery","246","148","50","40","31","27","Missing","In progress","On time","High","Review","Synthetic anonymised portfolio record","Cycle 3","110","32","3520","In progress","Port Sudan Base","Prepaid card","High"
"TXN-SYN-0155","2024-11-10","2024","Q4","November","P005","Venezuela-Colombia Multi-Donor Response","Venezuela/Colombia","Bogota","Bogota Office","D008","Red Cross Movement","G-REDC-P005-2024","BL005","CVA Transfers","Winter cash top-up","58245","57663","28255","8649","42670","CHF","Cash assistance payment","Multi-sector","Service delivery","0","0","0","0","0","0","Complete","Gap identified","Late","High","Review","Synthetic anonymised portfolio record","Cycle 4","125","0","0","Pending","Bogota Office","Mobile money","High"
"TXN-SYN-0156","2024-12-13","2024","Q4","December","P006","Syria Health Mission Support","Syria","Damascus","Damascus Mission Office","D009","Private Foundation","G-PRIV-P006-2024","BL006","WASH Infrastructure","Water point rehabilitation","59624","59624","29812","1789","38160","USD","Health service support","Health","Support","284","176","60","48","37","31","Complete","Complete","On time","Low","Compliant","Synthetic anonymised portfolio record","N/A","0","0","0","N/A","Damascus Mission Office","N/A","Low"
"TXN-SYN-0157","2024-01-16","2024","Q1","January","P001","Ukraine Health+ Response","Ukraine","Kyiv","Kyiv Base","D010","Own Funds","G-OWNF-P001-2024","BL007","Health Services","Primary health service support","61003","61613","31423","2465","41282","EUR","Health service support","Health","In-kind","303","191","65","52","40","34","Complete","Complete","On time","Low","Compliant","Synthetic anonymised portfolio record","N/A","0","0","0","N/A","Kyiv Base","N/A","Low"
"TXN-SYN-0158","2024-02-19","2024","Q1","February","P002","Ukraine Winter CVA","Ukraine","Lviv","Lviv Branch","D001","ECHO","G-ECHO-P002-2024","BL008","Logistics & Transport","Vehicle rental and fuel","62382","63630","33088","3182","44542","EUR","Cash assistance payment","CVA","Cash","322","206","70","56","43","37","Partial","In progress","On time","Medium","Review","Synthetic anonymised portfolio record","Cycle 3","170","45","7650","Pending","Lviv Branch","Prepaid card","Medium"
"TXN-SYN-0159","2024-03-22","2024","Q1","March","P003","Poland Refugee CVA","Poland","Warsaw","Warsaw Branch","D002","BMZ","G-BMZ-P003-2024","BL009","Training & Capacity Building","Branch and partner training","63761","65674","34807","3940","47941","EUR","Cash assistance payment","CVA","Cash","341","222","75","60","47","40","Missing","Gap identified","Late","High","Review","Synthetic anonymised portfolio record","Cycle 4","185","48","8880","Completed","Warsaw Branch","Mobile money","High"
"TXN-SYN-0160","2024-04-01","2024","Q2","April","P004","Sudan Food Security & WASH","Sudan","Port Sudan","Port Sudan Base","D003","GFFO","G-GFFO-P004-2024","BL010","Monitoring & Evaluation","PDM and field monitoring","65140","67746","36583","4742","51487","EUR","WASH service delivery","WASH","Service delivery","360","238","81","64","50","43","Complete","Complete","On time","Low","Compliant","Synthetic anonymised portfolio record","N/A","0","0","0","N/A","Port Sudan Base","N/A","Low"
"TXN-SYN-0161","2024-05-04","2024","Q2","May","P005","Venezuela-Colombia Multi-Donor Response","Venezuela/Colombia","Bogota","Bogota Office","D004","UNICEF","G-UNIC-P005-2024","BL011","Administration","Office running costs","66519","69845","38415","5588","55178","USD","Programme operations","Multi-sector","Service delivery","0","0","0","0","0","0","Complete","Complete","On time","Low","Compliant","Synthetic anonymised portfolio record","N/A","0","0","0","N/A","Bogota Office","N/A","Low"
"TXN-SYN-0162","2024-06-07","2024","Q2","June","P006","Syria Health Mission Support","Syria","Damascus","Damascus Mission Office","D005","USAID","G-USAI-P006-2024","BL012","Audit & Compliance","External audit and compliance checks","67898","65861","36882","5927","54005","USD","Health service support","Health","Support","398","271","92","73","57","49","Complete","In progress","On time","Medium","Review","Synthetic anonymised portfolio record","N/A","0","0","0","N/A","Damascus Mission Office","N/A","Medium"
"TXN-SYN-0163","2024-07-10","2024","Q3","July","P001","Ukraine Health+ Response","Ukraine","Kyiv","Kyiv Base","D006","AECID","G-AECI-P001-2024","BL014","Indirect Costs","Indirect cost recovery","69277","67891","38698","6789","57707","EUR","Health service support","Health","In-kind","417","288","98","78","60","52","Partial","Gap identified","Late","High","Review","Synthetic anonymised portfolio record","N/A","0","0","0","N/A","Kyiv Base","N/A","High"
"TXN-SYN-0164","2024-08-13","2024","Q3","August","P002","Ukraine Winter CVA","Ukraine","Lviv","Lviv Branch","D007","EU Delegation","G-EUDE-P002-2024","BL001","Human Resources","National staff salaries","70656","69949","40570","7694","61554","EUR","Cash assistance payment","CVA","Cash","436","305","104","82","64","55","Missing","Complete","On time","High","Review","Synthetic anonymised portfolio record","Cycle 1","140","66","9240","Pending","Lviv Branch","Prepaid card","High"
"TXN-SYN-0165","2024-09-16","2024","Q3","September","P003","Poland Refugee CVA","Poland","Warsaw","Warsaw Branch","D008","Red Cross Movement","G-REDC-P003-2024","BL003","Programme Supplies","Medical and programme supplies","72035","72035","42501","8644","65552","CHF","Cash assistance payment","CVA","Cash","455","323","110","87","68","58","Complete","Complete","On time","Low","Compliant","Synthetic anonymised portfolio record","Cycle 2","155","70","10850","Completed","Warsaw Branch","Mobile money","Low"
"TXN-SYN-0166","2024-10-19","2024","Q4","October","P004","Sudan Food Security & WASH","Sudan","Port Sudan","Port Sudan Base","D009","Private Foundation","G-PRIV-P004-2024","BL004","CVA Transfers","Unconditional cash transfers","73414","74148","44489","9639","69699","USD","Cash assistance payment","WASH","Service delivery","474","341","116","92","72","61","Complete","In progress","On time","Medium","Review","Synthetic anonymised portfolio record","Cycle 3","170","74","12580","In progress","Port Sudan Base","Prepaid card","Medium"
"TXN-SYN-0167","2024-11-22","2024","Q4","November","P005","Venezuela-Colombia Multi-Donor Response","Venezuela/Colombia","Bogota","Bogota Office","D010","Own Funds","G-OWNF-P005-2024","BL005","CVA Transfers","Winter cash top-up","74793","76289","46536","10680","74000","EUR","Cash assistance payment","Multi-sector","Service delivery","0","0","0","0","0","0","Complete","Gap identified","Late","High","Review","Synthetic anonymised portfolio record","Cycle 4","185","0","0","Pending","Bogota Office","Mobile money","High"
"TXN-SYN-0168","2024-12-01","2024","Q4","December","P006","Syria Health Mission Support","Syria","Damascus","Damascus Mission Office","D001","ECHO","G-ECHO-P006-2024","BL006","WASH Infrastructure","Water point rehabilitation","76172","78457","48643","11769","78457","EUR","Health service support","Health","Support","512","379","129","102","80","68","Partial","Complete","On time","Low","Review","Synthetic anonymised portfolio record","N/A","0","0","0","N/A","Damascus Mission Office","N/A","Low"
"TXN-SYN-0169","2024-01-04","2024","Q1","January","P001","Ukraine Health+ Response","Ukraine","Kyiv","Kyiv Base","D002","BMZ","G-BMZ-P001-2024","BL007","Health Services","Primary health service support","77551","80653","50811","2420","72588","EUR","Health service support","Health","In-kind","531","398","135","107","84","72","Missing","Complete","On time","High","Review","Synthetic anonymised portfolio record","N/A","0","0","0","N/A","Kyiv Base","N/A","High"
"TXN-SYN-0170","2024-02-07","2024","Q1","February","P002","Ukraine Winter CVA","Ukraine","Lviv","Lviv Branch","D003","GFFO","G-GFFO-P002-2024","BL008","Logistics & Transport","Vehicle rental and fuel","78930","82877","53041","3315","62986","EUR","Cash assistance payment","CVA","Cash","550","418","142","113","88","75","Complete","In progress","On time","Medium","Review","Synthetic anonymised portfolio record","Cycle 3","110","91","10010","Pending","Lviv Branch","Prepaid card","Medium"
"TXN-SYN-0171","2024-03-10","2024","Q1","March","P003","Poland Refugee CVA","Poland","Warsaw","Warsaw Branch","D004","UNICEF","G-UNIC-P003-2024","BL009","Training & Capacity Building","Branch and partner training","80309","77900","50635","3895","61541","USD","Cash assistance payment","CVA","Cash","569","438","149","118","92","79","Complete","Gap identified","Late","High","Review","Synthetic anonymised portfolio record","Cycle 4","125","95","11875","Completed","Warsaw Branch","Mobile money","High"
"TXN-SYN-0172","2024-04-13","2024","Q2","April","P004","Sudan Food Security & WASH","Sudan","Port Sudan","Port Sudan Base","D005","USAID","G-USAI-P004-2024","BL010","Monitoring & Evaluation","PDM and field monitoring","81688","80054","52836","4803","65644","USD","WASH service delivery","WASH","Service delivery","588","459","156","124","96","83","Complete","Complete","On time","Low","Compliant","Synthetic anonymised portfolio record","N/A","0","0","0","N/A","Port Sudan Base","N/A","Low"
"TXN-SYN-0173","2024-05-16","2024","Q2","May","P005","Venezuela-Colombia Multi-Donor Response","Venezuela/Colombia","Bogota","Bogota Office","D006","AECID","G-AECI-P005-2024","BL011","Administration","Office running costs","83067","82236","55098","5757","69901","EUR","Programme operations","Multi-sector","Service delivery","0","0","0","0","0","0","Partial","Complete","On time","Low","Review","Synthetic anonymised portfolio record","N/A","0","0","0","N/A","Bogota Office","N/A","Low"
"TXN-SYN-0174","2024-06-19","2024","Q2","June","P006","Syria Health Mission Support","Syria","Damascus","Damascus Mission Office","D007","EU Delegation","G-EUDE-P006-2024","BL012","Audit & Compliance","External audit and compliance checks","84446","84446","57423","6756","74313","EUR","Health service support","Health","Support","626","501","170","135","105","91","Missing","In progress","On time","High","Review","Synthetic anonymised portfolio record","N/A","0","0","0","N/A","Damascus Mission Office","N/A","High"
"TXN-SYN-0175","2024-07-22","2024","Q3","July","P001","Ukraine Health+ Response","Ukraine","Kyiv","Kyiv Base","D008","Red Cross Movement","G-REDC-P001-2024","BL014","Indirect Costs","Indirect cost recovery","85825","86683","59811","7801","78881","CHF","Health service support","Health","In-kind","645","522","177","141","110","94","Complete","Gap identified","Late","High","Review","Synthetic anonymised portfolio record","N/A","0","0","0","N/A","Kyiv Base","N/A","High"
"TXN-SYN-0176","2024-08-01","2024","Q3","August","P002","Ukraine Winter CVA","Ukraine","Lviv","Lviv Branch","D009","Private Foundation","G-PRIV-P002-2024","BL001","Human Resources","National staff salaries","87204","88948","62264","8895","83612","USD","Cash assistance payment","CVA","Cash","664","544","185","147","114","98","Complete","Complete","On time","Low","Compliant","Synthetic anonymised portfolio record","Cycle 1","80","118","9440","Pending","Lviv Branch","Prepaid card","Low"
"TXN-SYN-0177","2024-09-04","2024","Q3","September","P003","Poland Refugee CVA","Poland","Warsaw","Warsaw Branch","D010","Own Funds","G-OWNF-P003-2024","BL003","Programme Supplies","Medical and programme supplies","88583","91240","64780","10036","88502","EUR","Cash assistance payment","CVA","Cash","683","567","193","153","119","102","Complete","Complete","On time","Low","Compliant","Synthetic anonymised portfolio record","Cycle 2","95","123","11685","Completed","Warsaw Branch","Mobile money","Low"
"TXN-SYN-0178","2024-10-07","2024","Q4","October","P004","Sudan Food Security & WASH","Sudan","Port Sudan","Port Sudan Base","D001","ECHO","G-ECHO-P004-2024","BL004","CVA Transfers","Unconditional cash transfers","89962","93560","67363","11227","93560","EUR","Cash assistance payment","WASH","Service delivery","702","590","201","159","124","106","Partial","In progress","On time","Medium","Review","Synthetic anonymised portfolio record","Cycle 3","110","128","14080","In progress","Port Sudan Base","Prepaid card","Medium"
"TXN-SYN-0179","2024-11-10","2024","Q4","November","P005","Venezuela-Colombia Multi-Donor Response","Venezuela/Colombia","Bogota","Bogota Office","D002","BMZ","G-BMZ-P005-2024","BL005","CVA Transfers","Winter cash top-up","9341","9808","7160","1275","10102","EUR","Cash assistance payment","Multi-sector","Service delivery","0","0","0","0","0","0","Missing","Gap identified","Late","High","Review","Synthetic anonymised portfolio record","Cycle 4","125","0","0","Pending","Bogota Office","Mobile money","High"
"TXN-SYN-0180","2024-12-13","2024","Q4","December","P006","Syria Health Mission Support","Syria","Damascus","Damascus Mission Office","D003","GFFO","G-GFFO-P006-2024","BL006","WASH Infrastructure","Water point rehabilitation","10720","10398","7695","1456","11023","EUR","Health service support","Health","Support","740","636","216","172","134","114","Complete","Complete","On time","Low","Compliant","Synthetic anonymised portfolio record","N/A","0","0","0","N/A","Damascus Mission Office","N/A","Low"
"TXN-SYN-0181","2024-01-16","2024","Q1","January","P001","Ukraine Health+ Response","Ukraine","Kyiv","Kyiv Base","D004","UNICEF","G-UNIC-P001-2024","BL007","Health Services","Primary health service support","12099","11857","8893","1779","12925","USD","Health service support","Health","In-kind","759","660","224","178","139","119","Complete","Complete","On time","Low","Compliant","Synthetic anonymised portfolio record","N/A","0","0","0","N/A","Kyiv Base","N/A","Low"
"TXN-SYN-0182","2024-02-19","2024","Q1","February","P002","Ukraine Winter CVA","Ukraine","Lviv","Lviv Branch","D005","USAID","G-USAI-P002-2024","BL008","Logistics & Transport","Vehicle rental and fuel","13478","13343","10141","400","13210","USD","Cash assistance payment","CVA","Cash","778","685","233","185","144","123","Complete","In progress","On time","Medium","Review","Synthetic anonymised portfolio record","Cycle 3","170","149","25330","Pending","Lviv Branch","Prepaid card","Medium"
"TXN-SYN-0183","2024-03-22","2024","Q1","March","P003","Poland Refugee CVA","Poland","Warsaw","Warsaw Branch","D006","AECID","G-AECI-P003-2024","BL009","Training & Capacity Building","Branch and partner training","14857","14857","11440","594","15154","EUR","Cash assistance payment","CVA","Cash","797","709","241","191","149","128","Partial","Gap identified","Late","High","Review","Synthetic anonymised portfolio record","Cycle 4","185","154","28490","Completed","Warsaw Branch","Mobile money","High"
"TXN-SYN-0184","2024-04-01","2024","Q2","April","P004","Sudan Food Security & WASH","Sudan","Port Sudan","Port Sudan Base","D007","EU Delegation","G-EUDE-P004-2024","BL010","Monitoring & Evaluation","PDM and field monitoring","16236","16398","12790","820","17218","EUR","WASH service delivery","WASH","Service delivery","816","734","250","198","154","132","Missing","Complete","On time","High","Review","Synthetic anonymised portfolio record","N/A","0","0","0","N/A","Port Sudan Base","N/A","High"
"TXN-SYN-0185","2024-05-04","2024","Q2","May","P005","Venezuela-Colombia Multi-Donor Response","Venezuela/Colombia","Bogota","Bogota Office","D008","Red Cross Movement","G-REDC-P005-2024","BL011","Administration","Office running costs","17615","17967","14194","1078","19404","CHF","Programme operations","Multi-sector","Service delivery","0","0","0","0","0","0","Complete","Complete","On time","Low","Compliant","Synthetic anonymised portfolio record","N/A","0","0","0","N/A","Bogota Office","N/A","Low"
"TXN-SYN-0186","2024-06-07","2024","Q2","June","P006","Syria Health Mission Support","Syria","Damascus","Damascus Mission Office","D009","Private Foundation","G-PRIV-P006-2024","BL012","Audit & Compliance","External audit and compliance checks","18994","19564","3522","1369","9586","USD","Health service support","Health","Support","854","786","267","212","165","142","Complete","In progress","On time","Medium","Review","Synthetic anonymised portfolio record","N/A","0","0","0","N/A","Damascus Mission Office","N/A","Medium"
"TXN-SYN-0187","2024-07-10","2024","Q3","July","P001","Ukraine Health+ Response","Ukraine","Kyiv","Kyiv Base","D010","Own Funds","G-OWNF-P001-2024","BL014","Indirect Costs","Indirect cost recovery","20373","21188","4026","1695","7416","EUR","Health service support","Health","In-kind","873","812","276","219","171","146","Complete","Gap identified","Late","High","Review","Synthetic anonymised portfolio record","N/A","0","0","0","N/A","Kyiv Base","N/A","High"
"TXN-SYN-0188","2024-08-13","2024","Q3","August","P002","Ukraine Winter CVA","Ukraine","Lviv","Lviv Branch","D001","ECHO","G-ECHO-P002-2024","BL001","Human Resources","National staff salaries","21752","22840","4568","2056","8680","EUR","Cash assistance payment","CVA","Cash","892","838","285","226","176","151","Partial","Complete","On time","Low","Review","Synthetic anonymised portfolio record","Cycle 1","140","182","25480","Pending","Lviv Branch","Prepaid card","Low"
"TXN-SYN-0189","2024-09-16","2024","Q3","September","P003","Poland Refugee CVA","Poland","Warsaw","Warsaw Branch","D002","BMZ","G-BMZ-P003-2024","BL003","Programme Supplies","Medical and programme supplies","23131","22437","4712","2244","9200","EUR","Cash assistance payment","CVA","Cash","911","865","294","234","182","155","Missing","Complete","On time","High","Review","Synthetic anonymised portfolio record","Cycle 2","155","188","29140","Completed","Warsaw Branch","Mobile money","High"
"TXN-SYN-0190","2024-10-19","2024","Q4","October","P004","Sudan Food Security & WASH","Sudan","Port Sudan","Port Sudan Base","D003","GFFO","G-GFFO-P004-2024","BL004","CVA Transfers","Unconditional cash transfers","24510","24020","5284","2642","10568","EUR","Cash assistance payment","WASH","Service delivery","930","539","183","146","113","97","Complete","In progress","On time","Medium","Review","Synthetic anonymised portfolio record","Cycle 3","170","117","19890","In progress","Port Sudan Base","Prepaid card","Medium"
"TXN-SYN-0191","2024-11-22","2024","Q4","November","P005","Venezuela-Colombia Multi-Donor Response","Venezuela/Colombia","Bogota","Bogota Office","D004","UNICEF","G-UNIC-P005-2024","BL005","CVA Transfers","Winter cash top-up","25889","25630","5895","3076","12047","USD","Cash assistance payment","Multi-sector","Service delivery","0","0","0","0","0","0","Complete","Gap identified","Late","High","Review","Synthetic anonymised portfolio record","Cycle 4","185","0","0","Pending","Bogota Office","Mobile money","High"
"TXN-SYN-0192","2024-12-01","2024","Q4","December","P006","Syria Health Mission Support","Syria","Damascus","Damascus Mission Office","D005","USAID","G-USAI-P006-2024","BL006","WASH Infrastructure","Water point rehabilitation","27268","27268","6544","3545","13634","USD","Health service support","Health","Support","968","581","198","157","122","104","Complete","Complete","On time","Low","Compliant","Synthetic anonymised portfolio record","N/A","0","0","0","N/A","Damascus Mission Office","N/A","Low"
"TXN-SYN-0193","2024-01-04","2024","Q1","January","P001","Ukraine Health+ Response","Ukraine","Kyiv","Kyiv Base","D006","AECID","G-AECI-P001-2024","BL007","Health Services","Primary health service support","28647","28933","7233","4051","15335","EUR","Health service support","Health","In-kind","987","602","205","163","126","108","Partial","Complete","On time","Low","Review","Synthetic anonymised portfolio record","N/A","0","0","0","N/A","Kyiv Base","N/A","Low"
"TXN-SYN-0194","2024-02-07","2024","Q1","February","P002","Ukraine Winter CVA","Ukraine","Lviv","Lviv Branch","D007","EU Delegation","G-EUDE-P002-2024","BL008","Logistics & Transport","Vehicle rental and fuel","30026","30627","7963","4594","17151","EUR","Cash assistance payment","CVA","Cash","1006","624","212","168","131","113","Missing","In progress","On time","High","Review","Synthetic anonymised portfolio record","Cycle 3","110","136","14960","Pending","Lviv Branch","Prepaid card","High"
"TXN-SYN-0195","2024-03-10","2024","Q1","March","P003","Poland Refugee CVA","Poland","Warsaw","Warsaw Branch","D008","Red Cross Movement","G-REDC-P003-2024","BL009","Training & Capacity Building","Branch and partner training","31405","32347","8734","970","14880","CHF","Cash assistance payment","CVA","Cash","1025","646","220","174","136","116","Complete","Gap identified","Late","High","Review","Synthetic anonymised portfolio record","Cycle 4","125","140","17500","Completed","Warsaw Branch","Mobile money","High"
"TXN-SYN-0196","2024-04-13","2024","Q2","April","P004","Sudan Food Security & WASH","Sudan","Port Sudan","Port Sudan Base","D009","Private Foundation","G-PRIV-P004-2024","BL010","Monitoring & Evaluation","PDM and field monitoring","32784","34095","9547","1364","16707","USD","WASH service delivery","WASH","Service delivery","1044","668","227","180","140","121","Complete","Complete","On time","Low","Compliant","Synthetic anonymised portfolio record","N/A","0","0","0","N/A","Port Sudan Base","N/A","Low"
"TXN-SYN-0197","2024-05-16","2024","Q2","May","P005","Venezuela-Colombia Multi-Donor Response","Venezuela/Colombia","Bogota","Bogota Office","D010","Own Funds","G-OWNF-P005-2024","BL011","Administration","Office running costs","34163","35871","10403","1794","18654","EUR","Programme operations","Multi-sector","Service delivery","0","0","0","0","0","0","Complete","Complete","On time","Low","Compliant","Synthetic anonymised portfolio record","N/A","0","0","0","N/A","Bogota Office","N/A","Low"
"TXN-SYN-0198","2024-06-19","2024","Q2","June","P006","Syria Health Mission Support","Syria","Damascus","Damascus Mission Office","D001","ECHO","G-ECHO-P006-2024","BL012","Audit & Compliance","External audit and compliance checks","35542","34476","10343","2069","18962","EUR","Health service support","Health","Support","1082","714","243","193","150","128","Partial","In progress","On time","Medium","Review","Synthetic anonymised portfolio record","N/A","0","0","0","N/A","Damascus Mission Office","N/A","Medium"
"TXN-SYN-0199","2024-07-22","2024","Q3","July","P001","Ukraine Health+ Response","Ukraine","Kyiv","Kyiv Base","D002","BMZ","G-BMZ-P001-2024","BL014","Indirect Costs","Indirect cost recovery","36921","36183","11217","2533","20987","EUR","Health service support","Health","In-kind","1101","738","251","199","155","133","Missing","Gap identified","Late","High","Review","Synthetic anonymised portfolio record","N/A","0","0","0","N/A","Kyiv Base","N/A","High"
"TXN-SYN-0200","2024-08-01","2024","Q3","August","P002","Ukraine Winter CVA","Ukraine","Lviv","Lviv Branch","D003","GFFO","G-GFFO-P002-2024","BL001","Human Resources","National staff salaries","38300","37917","12133","3033","23129","EUR","Cash assistance payment","CVA","Cash","1120","762","259","206","160","137","Complete","Complete","On time","Low","Compliant","Synthetic anonymised portfolio record","Cycle 1","80","166","13280","Pending","Lviv Branch","Prepaid card","Low"
"TXN-SYN-0201","2024-09-04","2024","Q3","September","P003","Poland Refugee CVA","Poland","Warsaw","Warsaw Branch","D004","UNICEF","G-UNIC-P003-2024","BL003","Programme Supplies","Medical and programme supplies","39679","39679","13094","3571","25394","USD","Cash assistance payment","CVA","Cash","1139","786","267","212","165","142","Complete","Complete","On time","Low","Compliant","Synthetic anonymised portfolio record","Cycle 2","95","171","16245","Completed","Warsaw Branch","Mobile money","Low"
"TXN-SYN-0202","2024-10-07","2024","Q4","October","P004","Sudan Food Security & WASH","Sudan","Port Sudan","Port Sudan Base","D005","USAID","G-USAI-P004-2024","BL004","CVA Transfers","Unconditional cash transfers","41058","41469","14099","4147","27784","USD","Cash assistance payment","WASH","Service delivery","1158","811","276","219","170","146","Complete","In progress","On time","Medium","Review","Synthetic anonymised portfolio record","Cycle 3","110","176","19360","In progress","Port Sudan Base","Prepaid card","Medium"
"TXN-SYN-0203","2024-11-10","2024","Q4","November","P005","Venezuela-Colombia Multi-Donor Response","Venezuela/Colombia","Bogota","Bogota Office","D006","AECID","G-AECI-P005-2024","BL005","CVA Transfers","Winter cash top-up","42437","43286","15150","4761","30300","EUR","Cash assistance payment","Multi-sector","Service delivery","0","0","0","0","0","0","Partial","Gap identified","Late","High","Review","Synthetic anonymised portfolio record","Cycle 4","125","0","0","Pending","Bogota Office","Mobile money","High"
"TXN-SYN-0204","2024-12-13","2024","Q4","December","P006","Syria Health Mission Support","Syria","Damascus","Damascus Mission Office","D007","EU Delegation","G-EUDE-P006-2024","BL006","WASH Infrastructure","Water point rehabilitation","43816","45130","16247","5416","25273","EUR","Health service support","Health","Support","1196","861","293","232","181","155","Missing","Complete","On time","High","Review","Synthetic anonymised portfolio record","N/A","0","0","0","N/A","Damascus Mission Office","N/A","High"
"TXN-SYN-0205","2024-01-16","2024","Q1","January","P001","Ukraine Health+ Response","Ukraine","Kyiv","Kyiv Base","D008","Red Cross Movement","G-REDC-P001-2024","BL007","Health Services","Primary health service support","45195","47003","17391","6110","27731","CHF","Health service support","Health","In-kind","1215","887","302","239","186","160","Complete","Complete","On time","Low","Compliant","Synthetic anonymised portfolio record","N/A","0","0","0","N/A","Kyiv Base","N/A","Low"
"TXN-SYN-0206","2024-02-19","2024","Q1","February","P002","Ukraine Winter CVA","Ukraine","Lviv","Lviv Branch","D009","Private Foundation","G-PRIV-P002-2024","BL008","Logistics & Transport","Vehicle rental and fuel","46574","48903","18583","6846","30319","USD","Cash assistance payment","CVA","Cash","1234","913","310","247","192","164","Complete","In progress","On time","Medium","Review","Synthetic anonymised portfolio record","Cycle 3","170","198","33660","Pending","Lviv Branch","Prepaid card","Medium"
"TXN-SYN-0207","2024-03-22","2024","Q1","March","P003","Poland Refugee CVA","Poland","Warsaw","Warsaw Branch","D010","Own Funds","G-OWNF-P003-2024","BL009","Training & Capacity Building","Branch and partner training","47953","46514","18140","6977","30234","EUR","Cash assistance payment","CVA","Cash","1253","940","320","254","197","169","Complete","Gap identified","Late","High","Review","Synthetic anonymised portfolio record","Cycle 4","185","204","37740","Completed","Warsaw Branch","Mobile money","High"
"TXN-SYN-0208","2024-04-01","2024","Q2","April","P004","Sudan Food Security & WASH","Sudan","Port Sudan","Port Sudan Base","D001","ECHO","G-ECHO-P004-2024","BL010","Monitoring & Evaluation","PDM and field monitoring","49332","48345","19338","1450","26589","EUR","WASH service delivery","WASH","Service delivery","1272","967","329","261","203","174","Partial","Complete","On time","Low","Review","Synthetic anonymised portfolio record","N/A","0","0","0","N/A","Port Sudan Base","N/A","Low"
"TXN-SYN-0209","2024-05-04","2024","Q2","May","P005","Venezuela-Colombia Multi-Donor Response","Venezuela/Colombia","Bogota","Bogota Office","D002","BMZ","G-BMZ-P005-2024","BL011","Administration","Office running costs","50711","50204","20584","2008","29119","EUR","Programme operations","Multi-sector","Service delivery","0","0","0","0","0","0","Missing","Complete","On time","High","Review","Synthetic anonymised portfolio record","N/A","0","0","0","N/A","Bogota Office","N/A","High"
"TXN-SYN-0210","2024-06-07","2024","Q2","June","P006","Syria Health Mission Support","Syria","Damascus","Damascus Mission Office","D003","GFFO","G-GFFO-P006-2024","BL012","Audit & Compliance","External audit and compliance checks","52090","52090","21878","2605","31776","EUR","Health service support","Health","Support","1310","1022","347","276","215","184","Complete","In progress","On time","Medium","Review","Synthetic anonymised portfolio record","N/A","0","0","0","N/A","Damascus Mission Office","N/A","Medium"
"TXN-SYN-0211","2024-07-10","2024","Q3","July","P001","Ukraine Health+ Response","Ukraine","Kyiv","Kyiv Base","D004","UNICEF","G-UNIC-P001-2024","BL014","Indirect Costs","Indirect cost recovery","53469","54004","23222","3240","34563","USD","Health service support","Health","In-kind","1329","1050","357","284","221","188","Complete","Gap identified","Late","High","Review","Synthetic anonymised portfolio record","N/A","0","0","0","N/A","Kyiv Base","N/A","High"
"TXN-SYN-0212","2024-08-13","2024","Q3","August","P002","Ukraine Winter CVA","Ukraine","Lviv","Lviv Branch","D005","USAID","G-USAI-P002-2024","BL001","Human Resources","National staff salaries","54848","55945","24616","3916","37483","USD","Cash assistance payment","CVA","Cash","1348","1078","367","291","226","194","Complete","Complete","On time","Low","Compliant","Synthetic anonymised portfolio record","Cycle 1","140","234","32760","Pending","Lviv Branch","Prepaid card","Low"
"TXN-SYN-0213","2024-09-16","2024","Q3","September","P003","Poland Refugee CVA","Poland","Warsaw","Warsaw Branch","D006","AECID","G-AECI-P003-2024","BL003","Programme Supplies","Medical and programme supplies","56227","57914","26061","4633","40539","EUR","Cash assistance payment","CVA","Cash","1367","1107","376","299","232","200","Partial","Complete","On time","Low","Review","Synthetic anonymised portfolio record","Cycle 2","155","241","37355","Completed","Warsaw Branch","Mobile money","Low"
"TXN-SYN-0214","2024-10-19","2024","Q4","October","P004","Sudan Food Security & WASH","Sudan","Port Sudan","Port Sudan Base","D007","EU Delegation","G-EUDE-P004-2024","BL004","CVA Transfers","Unconditional cash transfers","57606","59910","27559","5392","43735","EUR","Cash assistance payment","WASH","Service delivery","1386","1137","387","307","239","204","Missing","In progress","On time","High","Review","Synthetic anonymised portfolio record","Cycle 3","170","247","41990","In progress","Port Sudan Base","Prepaid card","High"
"TXN-SYN-0215","2024-11-22","2024","Q4","November","P005","Venezuela-Colombia Multi-Donor Response","Venezuela/Colombia","Bogota","Bogota Office","D008","Red Cross Movement","G-REDC-P005-2024","BL005","CVA Transfers","Winter cash top-up","58985","61934","29109","6193","47069","CHF","Cash assistance payment","Multi-sector","Service delivery","0","0","0","0","0","0","Complete","Gap identified","Late","High","Review","Synthetic anonymised portfolio record","Cycle 4","185","0","0","Pending","Bogota Office","Mobile money","High"
"TXN-SYN-0216","2024-12-01","2024","Q4","December","P006","Syria Health Mission Support","Syria","Damascus","Damascus Mission Office","D009","Private Foundation","G-PRIV-P006-2024","BL006","WASH Infrastructure","Water point rehabilitation","60364","58553","28105","6441","46257","USD","Health service support","Health","Support","1424","1196","407","323","251","215","Complete","Complete","On time","Low","Compliant","Synthetic anonymised portfolio record","N/A","0","0","0","N/A","Damascus Mission Office","N/A","Low"
"TXN-SYN-0217","2025-01-04","2025","Q1","January","P001","Ukraine Health+ Response","Ukraine","Kyiv","Kyiv Base","D010","Own Funds","G-OWNF-P001-2025","BL007","Health Services","Primary health service support","61743","60508","29649","7261","49617","EUR","Health service support","Health","In-kind","1443","1227","417","331","258","221","Complete","Complete","On time","Low","Compliant","Synthetic anonymised portfolio record","N/A","0","0","0","N/A","Kyiv Base","N/A","Low"
"TXN-SYN-0218","2025-02-07","2025","Q1","February","P002","Ukraine Winter CVA","Ukraine","Lviv","Lviv Branch","D001","ECHO","G-ECHO-P002-2025","BL008","Logistics & Transport","Vehicle rental and fuel","63122","62491","31246","8124","53118","EUR","Cash assistance payment","CVA","Cash","1462","1257","427","339","264","227","Partial","In progress","On time","Medium","Review","Synthetic anonymised portfolio record","Cycle 3","110","273","30030","Pending","Lviv Branch","Prepaid card","Medium"
"TXN-SYN-0219","2025-03-10","2025","Q1","March","P003","Poland Refugee CVA","Poland","Warsaw","Warsaw Branch","D002","BMZ","G-BMZ-P003-2025","BL009","Training & Capacity Building","Branch and partner training","64501","64501","32896","9030","56761","EUR","Cash assistance payment","CVA","Cash","1481","1288","438","348","270","232","Missing","Gap identified","Late","High","Review","Synthetic anonymised portfolio record","Cycle 4","125","280","35000","Completed","Warsaw Branch","Mobile money","High"
"TXN-SYN-0220","2025-04-13","2025","Q2","April","P004","Sudan Food Security & WASH","Sudan","Port Sudan","Port Sudan Base","D003","GFFO","G-GFFO-P004-2025","BL010","Monitoring & Evaluation","PDM and field monitoring","65880","66539","34600","9981","60550","EUR","WASH service delivery","WASH","Service delivery","1500","1320","449","356","277","238","Complete","Complete","On time","Low","Compliant","Synthetic anonymised portfolio record","N/A","0","0","0","N/A","Port Sudan Base","N/A","Low"
"TXN-SYN-0221","2025-05-16","2025","Q2","May","P005","Venezuela-Colombia Multi-Donor Response","Venezuela/Colombia","Bogota","Bogota Office","D004","UNICEF","G-UNIC-P005-2025","BL011","Administration","Office running costs","67259","68604","36360","2058","43906","USD","Programme operations","Multi-sector","Service delivery","0","0","0","0","0","0","Complete","Complete","On time","Low","Compliant","Synthetic anonymised portfolio record","N/A","0","0","0","N/A","Bogota Office","N/A","Low"
"TXN-SYN-0222","2025-06-19","2025","Q2","June","P006","Syria Health Mission Support","Syria","Damascus","Damascus Mission Office","D005","USAID","G-USAI-P006-2025","BL012","Audit & Compliance","External audit and compliance checks","68638","70697","38176","2828","47367","USD","Health service support","Health","Support","1538","1384","471","374","291","248","Complete","In progress","On time","Medium","Review","Synthetic anonymised portfolio record","N/A","0","0","0","N/A","Damascus Mission Office","N/A","Medium"
"TXN-SYN-0223","2025-07-22","2025","Q3","July","P001","Ukraine Health+ Response","Ukraine","Kyiv","Kyiv Base","D006","AECID","G-AECI-P001-2025","BL014","Indirect Costs","Indirect cost recovery","70017","72818","40050","3641","50973","EUR","Health service support","Health","In-kind","1557","1417","482","383","298","254","Partial","Gap identified","Late","High","Review","Synthetic anonymised portfolio record","N/A","0","0","0","N/A","Kyiv Base","N/A","High"
"TXN-SYN-0224","2025-08-01","2025","Q3","August","P002","Ukraine Winter CVA","Ukraine","Lviv","Lviv Branch","D007","EU Delegation","G-EUDE-P002-2025","BL001","Human Resources","National staff salaries","71396","74966","41981","4498","54725","EUR","Cash assistance payment","CVA","Cash","1576","1450","493","392","305","260","Missing","Complete","On time","High","Review","Synthetic anonymised portfolio record","Cycle 1","80","315","25200","Pending","Lviv Branch","Prepaid card","High"
"TXN-SYN-0225","2025-09-04","2025","Q3","September","P003","Poland Refugee CVA","Poland","Warsaw","Warsaw Branch","D008","Red Cross Movement","G-REDC-P003-2025","BL003","Programme Supplies","Medical and programme supplies","72775","70592","40237","4941","53649","CHF","Cash assistance payment","CVA","Cash","1595","1483","504","400","311","268","Complete","Complete","On time","Low","Compliant","Synthetic anonymised portfolio record","Cycle 2","95","322","30590","Completed","Warsaw Branch","Mobile money","Low"
"TXN-SYN-0226","2025-10-07","2025","Q4","October","P004","Sudan Food Security & WASH","Sudan","Port Sudan","Port Sudan Base","D009","Private Foundation","G-PRIV-P004-2025","BL004","CVA Transfers","Unconditional cash transfers","74154","72671","42149","5814","57410","USD","Cash assistance payment","WASH","Service delivery","1614","1517","516","410","319","272","Complete","In progress","On time","Medium","Review","Synthetic anonymised portfolio record","Cycle 3","110","330","36300","In progress","Port Sudan Base","Prepaid card","Medium"
"TXN-SYN-0227","2025-11-10","2025","Q4","November","P005","Venezuela-Colombia Multi-Donor Response","Venezuela/Colombia","Bogota","Bogota Office","D010","Own Funds","G-OWNF-P005-2025","BL005","CVA Transfers","Winter cash top-up","75533","74778","44119","6730","61318","EUR","Cash assistance payment","Multi-sector","Service delivery","0","0","0","0","0","0","Complete","Gap identified","Late","High","Review","Synthetic anonymised portfolio record","Cycle 4","125","0","0","Pending","Bogota Office","Mobile money","High"
"TXN-SYN-0228","2025-12-13","2025","Q4","December","P006","Syria Health Mission Support","Syria","Damascus","Damascus Mission Office","D001","ECHO","G-ECHO-P006-2025","BL006","WASH Infrastructure","Water point rehabilitation","76912","76912","46147","7691","65375","EUR","Health service support","Health","Support","1652","958","326","259","201","172","Partial","Complete","On time","Low","Review","Synthetic anonymised portfolio record","N/A","0","0","0","N/A","Damascus Mission Office","N/A","Low"
"TXN-SYN-0229","2025-01-16","2025","Q1","January","P001","Ukraine Health+ Response","Ukraine","Kyiv","Kyiv Base","D002","BMZ","G-BMZ-P001-2025","BL007","Health Services","Primary health service support","78291","79074","48235","8698","69585","EUR","Health service support","Health","In-kind","1671","986","335","266","207","178","Missing","Complete","On time","High","Review","Synthetic anonymised portfolio record","N/A","0","0","0","N/A","Kyiv Base","N/A","High"
"TXN-SYN-0230","2025-02-19","2025","Q1","February","P002","Ukraine Winter CVA","Ukraine","Lviv","Lviv Branch","D003","GFFO","G-GFFO-P002-2025","BL008","Logistics & Transport","Vehicle rental and fuel","79670","81263","50383","9752","73950","EUR","Cash assistance payment","CVA","Cash","1690","1014","345","274","213","182","Complete","In progress","On time","Medium","Review","Synthetic anonymised portfolio record","Cycle 3","170","220","37400","Pending","Lviv Branch","Prepaid card","Medium"
"TXN-SYN-0231","2025-03-22","2025","Q1","March","P003","Poland Refugee CVA","Poland","Warsaw","Warsaw Branch","D004","UNICEF","G-UNIC-P003-2025","BL009","Training & Capacity Building","Branch and partner training","81049","83480","52592","10852","78470","USD","Cash assistance payment","CVA","Cash","1709","1042","354","281","219","188","Complete","Gap identified","Late","High","Review","Synthetic anonymised portfolio record","Cycle 4","185","227","41995","Completed","Warsaw Branch","Mobile money","High"
"TXN-SYN-0232","2025-04-01","2025","Q2","April","P004","Sudan Food Security & WASH","Sudan","Port Sudan","Port Sudan Base","D005","USAID","G-USAI-P004-2025","BL010","Monitoring & Evaluation","PDM and field monitoring","82428","85725","54864","12002","83154","USD","WASH service delivery","WASH","Service delivery","1728","1071","364","289","225","193","Complete","Complete","On time","Low","Compliant","Synthetic anonymised portfolio record","N/A","0","0","0","N/A","Port Sudan Base","N/A","Low"
"TXN-SYN-0233","2025-05-04","2025","Q2","May","P005","Venezuela-Colombia Multi-Donor Response","Venezuela/Colombia","Bogota","Bogota Office","D006","AECID","G-AECI-P005-2025","BL011","Administration","Office running costs","83807","87997","57198","13200","87997","EUR","Programme operations","Multi-sector","Service delivery","0","0","0","0","0","0","Partial","Complete","On time","Low","Review","Synthetic anonymised portfolio record","N/A","0","0","0","N/A","Bogota Office","N/A","Low"
"TXN-SYN-0234","2025-06-07","2025","Q2","June","P006","Syria Health Mission Support","Syria","Damascus","Damascus Mission Office","D007","EU Delegation","G-EUDE-P006-2025","BL012","Audit & Compliance","External audit and compliance checks","85186","82630","54536","2479","74367","EUR","Health service support","Health","Support","1766","1130","384","305","237","204","Missing","In progress","On time","High","Review","Synthetic anonymised portfolio record","N/A","0","0","0","N/A","Damascus Mission Office","N/A","High"
"TXN-SYN-0235","2025-07-10","2025","Q3","July","P001","Ukraine Health+ Response","Ukraine","Kyiv","Kyiv Base","D008","Red Cross Movement","G-REDC-P001-2025","BL014","Indirect Costs","Indirect cost recovery","86565","84834","56839","3393","78895","CHF","Health service support","Health","In-kind","1785","1160","394","313","244","209","Complete","Gap identified","Late","High","Review","Synthetic anonymised portfolio record","N/A","0","0","0","N/A","Kyiv Base","N/A","High"
"TXN-SYN-0236","2025-08-13","2025","Q3","August","P002","Ukraine Winter CVA","Ukraine","Lviv","Lviv Branch","D009","Private Foundation","G-PRIV-P002-2025","BL001","Human Resources","National staff salaries","87944","87065","59204","4353","83582","USD","Cash assistance payment","CVA","Cash","1804","1191","405","322","250","214","Complete","Complete","On time","Low","Compliant","Synthetic anonymised portfolio record","Cycle 1","140","259","36260","Pending","Lviv Branch","Prepaid card","Low"
"TXN-SYN-0237","2025-09-16","2025","Q3","September","P003","Poland Refugee CVA","Poland","Warsaw","Warsaw Branch","D010","Own Funds","G-OWNF-P003-2025","BL003","Programme Supplies","Medical and programme supplies","89323","89323","61633","5359","88430","EUR","Cash assistance payment","CVA","Cash","1823","1221","415","330","256","220","Complete","Complete","On time","Low","Compliant","Synthetic anonymised portfolio record","Cycle 2","155","265","41075","Completed","Warsaw Branch","Mobile money","Low"
"TXN-SYN-0238","2025-10-19","2025","Q4","October","P004","Sudan Food Security & WASH","Sudan","Port Sudan","Port Sudan Base","D001","ECHO","G-ECHO-P004-2025","BL004","CVA Transfers","Unconditional cash transfers","8702","8789","6152","615","7470","EUR","Cash assistance payment","WASH","Service delivery","1842","1253","426","338","263","226","Partial","In progress","On time","Medium","Review","Synthetic anonymised portfolio record","Cycle 3","170","272","46240","In progress","Port Sudan Base","Prepaid card","Medium"
"TXN-SYN-0239","2025-11-22","2025","Q4","November","P005","Venezuela-Colombia Multi-Donor Response","Venezuela/Colombia","Bogota","Bogota Office","D002","BMZ","G-BMZ-P005-2025","BL005","CVA Transfers","Winter cash top-up","10081","10283","7301","823","9049","EUR","Cash assistance payment","Multi-sector","Service delivery","0","0","0","0","0","0","Missing","Gap identified","Late","High","Review","Synthetic anonymised portfolio record","Cycle 4","185","0","0","Pending","Bogota Office","Mobile money","High"
"TXN-SYN-0240","2025-12-01","2025","Q4","December","P006","Syria Health Mission Support","Syria","Damascus","Damascus Mission Office","D003","GFFO","G-GFFO-P006-2025","BL006","WASH Infrastructure","Water point rehabilitation","11460","11804","8499","1062","10741","EUR","Health service support","Health","Support","1880","1316","447","355","276","238","Complete","Complete","On time","Low","Compliant","Synthetic anonymised portfolio record","N/A","0","0","0","N/A","Damascus Mission Office","N/A","Low"
"TXN-SYN-0241","2025-01-04","2025","Q1","January","P001","Ukraine Health+ Response","Ukraine","Kyiv","Kyiv Base","D004","UNICEF","G-UNIC-P001-2025","BL007","Health Services","Primary health service support","12839","13353","9748","1335","12552","USD","Health service support","Health","In-kind","1899","1348","458","364","283","243","Complete","Complete","On time","Low","Compliant","Synthetic anonymised portfolio record","N/A","0","0","0","N/A","Kyiv Base","N/A","Low"
"TXN-SYN-0242","2025-02-07","2025","Q1","February","P002","Ukraine Winter CVA","Ukraine","Lviv","Lviv Branch","D005","USAID","G-USAI-P002-2025","BL008","Logistics & Transport","Vehicle rental and fuel","14218","14929","11047","1642","14480","USD","Cash assistance payment","CVA","Cash","1918","1381","470","373","290","248","Complete","In progress","On time","Medium","Review","Synthetic anonymised portfolio record","Cycle 3","110","300","33000","Pending","Lviv Branch","Prepaid card","Medium"
"TXN-SYN-0243","2025-03-10","2025","Q1","March","P003","Poland Refugee CVA","Poland","Warsaw","Warsaw Branch","D006","AECID","G-AECI-P003-2025","BL009","Training & Capacity Building","Branch and partner training","15597","15129","11347","1815","15129","EUR","Cash assistance payment","CVA","Cash","1937","1414","481","382","297","254","Partial","Gap identified","Late","High","Review","Synthetic anonymised portfolio record","Cycle 4","125","307","38375","Completed","Warsaw Branch","Mobile money","High"
"TXN-SYN-0244","2025-04-13","2025","Q2","April","P004","Sudan Food Security & WASH","Sudan","Port Sudan","Port Sudan Base","D007","EU Delegation","G-EUDE-P004-2025","BL010","Monitoring & Evaluation","PDM and field monitoring","16976","16636","12643","2163","17135","EUR","WASH service delivery","WASH","Service delivery","1956","1447","492","391","304","260","Missing","Complete","On time","High","Review","Synthetic anonymised portfolio record","N/A","0","0","0","N/A","Port Sudan Base","N/A","High"
"TXN-SYN-0245","2025-05-16","2025","Q2","May","P005","Venezuela-Colombia Multi-Donor Response","Venezuela/Colombia","Bogota","Bogota Office","D008","Red Cross Movement","G-REDC-P005-2025","BL011","Administration","Office running costs","18355","18171","13992","2544","19262","CHF","Programme operations","Multi-sector","Service delivery","0","0","0","0","0","0","Complete","Complete","On time","Low","Compliant","Synthetic anonymised portfolio record","N/A","0","0","0","N/A","Bogota Office","N/A","Low"
"TXN-SYN-0246","2025-06-19","2025","Q2","June","P006","Syria Health Mission Support","Syria","Damascus","Damascus Mission Office","D009","Private Foundation","G-PRIV-P006-2025","BL012","Audit & Compliance","External audit and compliance checks","19734","19734","15393","2960","21510","USD","Health service support","Health","Support","1994","1515","515","409","318","273","Complete","In progress","On time","Medium","Review","Synthetic anonymised portfolio record","N/A","0","0","0","N/A","Damascus Mission Office","N/A","Medium"
"TXN-SYN-0247","2025-07-22","2025","Q3","July","P001","Ukraine Health+ Response","Ukraine","Kyiv","Kyiv Base","D010","Own Funds","G-OWNF-P001-2025","BL014","Indirect Costs","Indirect cost recovery","21113","21324","16846","640","21111","EUR","Health service support","Health","In-kind","2013","1550","527","419","326","278","Complete","Gap identified","Late","High","Review","Synthetic anonymised portfolio record","N/A","0","0","0","N/A","Kyiv Base","N/A","High"
"TXN-SYN-0248","2025-08-01","2025","Q3","August","P002","Ukraine Winter CVA","Ukraine","Lviv","Lviv Branch","D001","ECHO","G-ECHO-P002-2025","BL001","Human Resources","National staff salaries","22492","22942","4130","918","9178","EUR","Cash assistance payment","CVA","Cash","2032","1585","539","428","333","285","Partial","Complete","On time","Low","Review","Synthetic anonymised portfolio record","Cycle 1","80","345","27600","Pending","Lviv Branch","Prepaid card","Low"
"TXN-SYN-0249","2025-09-04","2025","Q3","September","P003","Poland Refugee CVA","Poland","Warsaw","Warsaw Branch","D002","BMZ","G-BMZ-P003-2025","BL003","Programme Supplies","Medical and programme supplies","23871","24587","4672","1229","10573","EUR","Cash assistance payment","CVA","Cash","2051","1620","551","437","340","292","Missing","Complete","On time","High","Review","Synthetic anonymised portfolio record","Cycle 2","95","352","33440","Completed","Warsaw Branch","Mobile money","High"
"TXN-SYN-0250","2025-10-07","2025","Q4","October","P004","Sudan Food Security & WASH","Sudan","Port Sudan","Port Sudan Base","D003","GFFO","G-GFFO-P004-2025","BL004","CVA Transfers","Unconditional cash transfers","25250","26260","5252","1576","12080","EUR","Cash assistance payment","WASH","Service delivery","2070","1656","563","447","348","298","Complete","In progress","On time","Medium","Review","Synthetic anonymised portfolio record","Cycle 3","110","360","39600","In progress","Port Sudan Base","Prepaid card","Medium"
"TXN-SYN-0251","2025-11-10","2025","Q4","November","P005","Venezuela-Colombia Multi-Donor Response","Venezuela/Colombia","Bogota","Bogota Office","D004","UNICEF","G-UNIC-P005-2025","BL005","CVA Transfers","Winter cash top-up","26629","27960","5872","1957","13701","USD","Cash assistance payment","Multi-sector","Service delivery","0","0","0","0","0","0","Complete","Gap identified","Late","High","Review","Synthetic anonymised portfolio record","Cycle 4","125","0","0","Pending","Bogota Office","Mobile money","High"
"TXN-SYN-0252","2025-12-13","2025","Q4","December","P006","Syria Health Mission Support","Syria","Damascus","Damascus Mission Office","D005","USAID","G-USAI-P006-2025","BL006","WASH Infrastructure","Water point rehabilitation","28008","27168","5977","2173","14127","USD","Health service support","Health","Support","2108","1729","588","467","363","311","Complete","Complete","On time","Low","Compliant","Synthetic anonymised portfolio record","N/A","0","0","0","N/A","Damascus Mission Office","N/A","Low"
"TXN-SYN-0253","2025-01-16","2025","Q1","January","P001","Ukraine Health+ Response","Ukraine","Kyiv","Kyiv Base","D006","AECID","G-AECI-P001-2025","BL007","Health Services","Primary health service support","29387","28799","6624","2592","15840","EUR","Health service support","Health","In-kind","2127","1765","600","477","371","317","Partial","Complete","On time","Low","Review","Synthetic anonymised portfolio record","N/A","0","0","0","N/A","Kyiv Base","N/A","Low"
"TXN-SYN-0254","2025-02-19","2025","Q1","February","P002","Ukraine Winter CVA","Ukraine","Lviv","Lviv Branch","D007","EU Delegation","G-EUDE-P002-2025","BL008","Logistics & Transport","Vehicle rental and fuel","30766","30458","7310","3046","17666","EUR","Cash assistance payment","CVA","Cash","2146","1803","613","487","379","324","Missing","In progress","On time","High","Review","Synthetic anonymised portfolio record","Cycle 3","170","392","66640","Pending","Lviv Branch","Prepaid card","High"
"TXN-SYN-0255","2025-03-22","2025","Q1","March","P003","Poland Refugee CVA","Poland","Warsaw","Warsaw Branch","D008","Red Cross Movement","G-REDC-P003-2025","BL009","Training & Capacity Building","Branch and partner training","32145","32145","8036","3536","14144","CHF","Cash assistance payment","CVA","Cash","2165","1840","626","497","386","331","Complete","Gap identified","Late","High","Review","Synthetic anonymised portfolio record","Cycle 4","185","400","74000","Completed","Warsaw Branch","Mobile money","High"
"TXN-SYN-0256","2025-04-01","2025","Q2","April","P004","Sudan Food Security & WASH","Sudan","Port Sudan","Port Sudan Base","D009","Private Foundation","G-PRIV-P004-2025","BL010","Monitoring & Evaluation","PDM and field monitoring","33524","33859","8803","4063","15913","USD","WASH service delivery","WASH","Service delivery","2184","1878","639","507","394","338","Complete","Complete","On time","Low","Compliant","Synthetic anonymised portfolio record","N/A","0","0","0","N/A","Port Sudan Base","N/A","Low"
"TXN-SYN-0257","2025-05-04","2025","Q2","May","P005","Venezuela-Colombia Multi-Donor Response","Venezuela/Colombia","Bogota","Bogota Office","D010","Own Funds","G-OWNF-P005-2025","BL011","Administration","Office running costs","34903","35601","9612","4628","17800","EUR","Programme operations","Multi-sector","Service delivery","0","0","0","0","0","0","Complete","Complete","On time","Low","Compliant","Synthetic anonymised portfolio record","N/A","0","0","0","N/A","Bogota Office","N/A","Low"
"TXN-SYN-0258","2025-06-07","2025","Q2","June","P006","Syria Health Mission Support","Syria","Damascus","Damascus Mission Office","D001","ECHO","G-ECHO-P006-2025","BL012","Audit & Compliance","External audit and compliance checks","36282","37370","10464","5232","19807","EUR","Health service support","Health","Support","2222","1955","665","528","411","351","Partial","In progress","On time","Medium","Review","Synthetic anonymised portfolio record","N/A","0","0","0","N/A","Damascus Mission Office","N/A","Medium"
"TXN-SYN-0259","2025-07-10","2025","Q3","July","P001","Ukraine Health+ Response","Ukraine","Kyiv","Kyiv Base","D002","BMZ","G-BMZ-P001-2025","BL014","Indirect Costs","Indirect cost recovery","37661","39167","11358","5875","21933","EUR","Health service support","Health","In-kind","2241","1994","678","538","419","359","Missing","Gap identified","Late","High","Review","Synthetic anonymised portfolio record","N/A","0","0","0","N/A","Kyiv Base","N/A","High"
"TXN-SYN-0260","2025-08-13","2025","Q3","August","P002","Ukraine Winter CVA","Ukraine","Lviv","Lviv Branch","D003","GFFO","G-GFFO-P002-2025","BL001","Human Resources","National staff salaries","39040","40992","12298","1230","18857","EUR","Cash assistance payment","CVA","Cash","2260","2034","692","549","427","366","Complete","Complete","On time","Low","Compliant","Synthetic anonymised portfolio record","Cycle 1","140","442","61880","Pending","Lviv Branch","Prepaid card","Low"
"TXN-SYN-0261","2025-09-16","2025","Q3","September","P003","Poland Refugee CVA","Poland","Warsaw","Warsaw Branch","D004","UNICEF","G-UNIC-P003-2025","BL003","Programme Supplies","Medical and programme supplies","40419","39206","12154","1568","19211","USD","Cash assistance payment","CVA","Cash","2279","2074","705","560","436","373","Complete","Complete","On time","Low","Compliant","Synthetic anonymised portfolio record","Cycle 2","155","451","69905","Completed","Warsaw Branch","Mobile money","Low"
"TXN-SYN-0262","2025-10-19","2025","Q4","October","P004","Sudan Food Security & WASH","Sudan","Port Sudan","Port Sudan Base","D005","USAID","G-USAI-P004-2025","BL004","CVA Transfers","Unconditional cash transfers","41798","40962","13108","2048","21300","USD","Cash assistance payment","WASH","Service delivery","2298","2114","719","571","444","380","Complete","In progress","On time","Medium","Review","Synthetic anonymised portfolio record","Cycle 3","170","460","78200","In progress","Port Sudan Base","Prepaid card","Medium"
"TXN-SYN-0263","2025-11-22","2025","Q4","November","P005","Venezuela-Colombia Multi-Donor Response","Venezuela/Colombia","Bogota","Bogota Office","D006","AECID","G-AECI-P005-2025","BL005","CVA Transfers","Winter cash top-up","43177","42745","14106","2565","23510","EUR","Cash assistance payment","Multi-sector","Service delivery","0","0","0","0","0","0","Partial","Gap identified","Late","High","Review","Synthetic anonymised portfolio record","Cycle 4","185","0","0","Pending","Bogota Office","Mobile money","High"
"TXN-SYN-0264","2025-12-01","2025","Q4","December","P006","Syria Health Mission Support","Syria","Damascus","Damascus Mission Office","D007","EU Delegation","G-EUDE-P006-2025","BL006","WASH Infrastructure","Water point rehabilitation","44556","44556","15149","3119","25843","EUR","Health service support","Health","Support","2336","2196","747","593","461","395","Missing","Complete","On time","High","Review","Synthetic anonymised portfolio record","N/A","0","0","0","N/A","Damascus Mission Office","N/A","High"
"TXN-SYN-0265","2025-01-04","2025","Q1","January","P001","Ukraine Health+ Response","Ukraine","Kyiv","Kyiv Base","D008","Red Cross Movement","G-REDC-P001-2025","BL007","Health Services","Primary health service support","45935","46394","16238","3712","28301","CHF","Health service support","Health","In-kind","2355","2237","761","604","470","402","Complete","Complete","On time","Low","Compliant","Synthetic anonymised portfolio record","N/A","0","0","0","N/A","Kyiv Base","N/A","Low"
"TXN-SYN-0266","2025-02-07","2025","Q1","February","P002","Ukraine Winter CVA","Ukraine","Lviv","Lviv Branch","D009","Private Foundation","G-PRIV-P002-2025","BL008","Logistics & Transport","Vehicle rental and fuel","47314","48260","17374","4343","30886","USD","Cash assistance payment","CVA","Cash","2374","1377","468","372","289","248","Complete","In progress","On time","Medium","Review","Synthetic anonymised portfolio record","Cycle 3","110","299","32890","Pending","Lviv Branch","Prepaid card","Medium"
"TXN-SYN-0267","2025-03-10","2025","Q1","March","P003","Poland Refugee CVA","Poland","Warsaw","Warsaw Branch","D010","Own Funds","G-OWNF-P003-2025","BL009","Training & Capacity Building","Branch and partner training","48693","50154","18557","5015","33603","EUR","Cash assistance payment","CVA","Cash","2393","1412","480","381","297","254","Complete","Gap identified","Late","High","Review","Synthetic anonymised portfolio record","Cycle 4","125","307","38375","Completed","Warsaw Branch","Mobile money","High"
"TXN-SYN-0268","2025-04-13","2025","Q2","April","P004","Sudan Food Security & WASH","Sudan","Port Sudan","Port Sudan Base","D001","ECHO","G-ECHO-P004-2025","BL010","Monitoring & Evaluation","PDM and field monitoring","50072","52075","19789","5728","36453","EUR","WASH service delivery","WASH","Service delivery","2412","1447","492","391","304","260","Partial","Complete","On time","Low","Review","Synthetic anonymised portfolio record","N/A","0","0","0","N/A","Port Sudan Base","N/A","Low"
"TXN-SYN-0269","2025-05-16","2025","Q2","May","P005","Venezuela-Colombia Multi-Donor Response","Venezuela/Colombia","Bogota","Bogota Office","D002","BMZ","G-BMZ-P005-2025","BL011","Administration","Office running costs","51451","54024","21069","6483","39437","EUR","Programme operations","Multi-sector","Service delivery","0","0","0","0","0","0","Missing","Complete","On time","High","Review","Synthetic anonymised portfolio record","N/A","0","0","0","N/A","Bogota Office","N/A","High"
"TXN-SYN-0270","2025-06-19","2025","Q2","June","P006","Syria Health Mission Support","Syria","Damascus","Damascus Mission Office","D003","GFFO","G-GFFO-P006-2025","BL012","Audit & Compliance","External audit and compliance checks","52830","51245","20498","6662","38946","EUR","Health service support","Health","Support","2450","1519","516","410","319","274","Complete","In progress","On time","Medium","Review","Synthetic anonymised portfolio record","N/A","0","0","0","N/A","Damascus Mission Office","N/A","Medium"
"TXN-SYN-0271","2025-07-22","2025","Q3","July","P001","Ukraine Health+ Response","Ukraine","Kyiv","Kyiv Base","D004","UNICEF","G-UNIC-P001-2025","BL014","Indirect Costs","Indirect cost recovery","54209","53125","21781","7438","41969","USD","Health service support","Health","In-kind","2469","1555","529","420","327","279","Complete","Gap identified","Late","High","Review","Synthetic anonymised portfolio record","N/A","0","0","0","N/A","Kyiv Base","N/A","High"
"TXN-SYN-0272","2025-08-01","2025","Q3","August","P002","Ukraine Winter CVA","Ukraine","Lviv","Lviv Branch","D005","USAID","G-USAI-P002-2025","BL001","Human Resources","National staff salaries","55588","55032","23113","8255","35771","USD","Cash assistance payment","CVA","Cash","2488","1592","541","430","334","287","Complete","Complete","On time","Low","Compliant","Synthetic anonymised portfolio record","Cycle 1","80","346","27680","Pending","Lviv Branch","Prepaid card","Low"
"TXN-SYN-0273","2025-09-04","2025","Q3","September","P003","Poland Refugee CVA","Poland","Warsaw","Warsaw Branch","D006","AECID","G-AECI-P003-2025","BL003","Programme Supplies","Medical and programme supplies","56967","56967","24496","1709","31332","EUR","Cash assistance payment","CVA","Cash","2507","1630","554","440","342","294","Partial","Complete","On time","Low","Review","Synthetic anonymised portfolio record","Cycle 2","95","354","33630","Completed","Warsaw Branch","Mobile money","Low"
"TXN-SYN-0274","2025-10-07","2025","Q4","October","P004","Sudan Food Security & WASH","Sudan","Port Sudan","Port Sudan Base","D007","EU Delegation","G-EUDE-P004-2025","BL004","CVA Transfers","Unconditional cash transfers","58346","58929","25929","2357","34179","EUR","Cash assistance payment","WASH","Service delivery","2526","1667","567","450","350","300","Missing","In progress","On time","High","Review","Synthetic anonymised portfolio record","Cycle 3","110","362","39820","In progress","Port Sudan Base","Prepaid card","High"
"TXN-SYN-0275","2025-11-10","2025","Q4","November","P005","Venezuela-Colombia Multi-Donor Response","Venezuela/Colombia","Bogota","Bogota Office","D008","Red Cross Movement","G-REDC-P005-2025","BL005","CVA Transfers","Winter cash top-up","59725","60920","27414","3046","37161","CHF","Cash assistance payment","Multi-sector","Service delivery","0","0","0","0","0","0","Complete","Gap identified","Late","High","Review","Synthetic anonymised portfolio record","Cycle 4","125","0","0","Pending","Bogota Office","Mobile money","High"
"TXN-SYN-0276","2025-12-13","2025","Q4","December","P006","Syria Health Mission Support","Syria","Damascus","Damascus Mission Office","D009","Private Foundation","G-PRIV-P006-2025","BL006","WASH Infrastructure","Water point rehabilitation","61104","62937","28951","3776","40279","USD","Health service support","Health","Support","2564","1744","593","471","366","314","Complete","Complete","On time","Low","Compliant","Synthetic anonymised portfolio record","N/A","0","0","0","N/A","Damascus Mission Office","N/A","Low"
"TXN-SYN-0277","2025-01-16","2025","Q1","January","P001","Ukraine Health+ Response","Ukraine","Kyiv","Kyiv Base","D010","Own Funds","G-OWNF-P001-2025","BL007","Health Services","Primary health service support","62483","64982","30542","4549","43539","EUR","Health service support","Health","In-kind","2583","1782","606","481","374","321","Complete","Complete","On time","Low","Compliant","Synthetic anonymised portfolio record","N/A","0","0","0","N/A","Kyiv Base","N/A","Low"
"TXN-SYN-0278","2025-02-19","2025","Q1","February","P002","Ukraine Winter CVA","Ukraine","Lviv","Lviv Branch","D001","ECHO","G-ECHO-P002-2025","BL008","Logistics & Transport","Vehicle rental and fuel","63862","67055","32186","5364","46938","EUR","Cash assistance payment","CVA","Cash","2602","1821","619","492","382","328","Partial","In progress","On time","Medium","Review","Synthetic anonymised portfolio record","Cycle 3","170","396","67320","Pending","Lviv Branch","Prepaid card","Medium"
"TXN-SYN-0279","2025-03-22","2025","Q1","March","P003","Poland Refugee CVA","Poland","Warsaw","Warsaw Branch","D002","BMZ","G-BMZ-P003-2025","BL009","Training & Capacity Building","Branch and partner training","65241","63284","31009","5696","46198","EUR","Cash assistance payment","CVA","Cash","2621","1861","633","502","391","335","Missing","Gap identified","Late","High","Review","Synthetic anonymised portfolio record","Cycle 4","185","405","74925","Completed","Warsaw Branch","Mobile money","High"
"TXN-SYN-0280","2025-04-01","2025","Q2","April","P004","Sudan Food Security & WASH","Sudan","Port Sudan","Port Sudan Base","D003","GFFO","G-GFFO-P004-2025","BL010","Monitoring & Evaluation","PDM and field monitoring","66620","65288","32644","6529","49619","EUR","WASH service delivery","WASH","Service delivery","2640","1901","646","513","399","343","Complete","Complete","On time","Low","Compliant","Synthetic anonymised portfolio record","N/A","0","0","0","N/A","Port Sudan Base","N/A","Low"
"TXN-SYN-0281","2025-05-04","2025","Q2","May","P005","Venezuela-Colombia Multi-Donor Response","Venezuela/Colombia","Bogota","Bogota Office","D004","UNICEF","G-UNIC-P005-2025","BL011","Administration","Office running costs","67999","67319","34333","7405","53182","USD","Programme operations","Multi-sector","Service delivery","0","0","0","0","0","0","Complete","Complete","On time","Low","Compliant","Synthetic anonymised portfolio record","N/A","0","0","0","N/A","Bogota Office","N/A","Low"
"TXN-SYN-0282","2025-06-07","2025","Q2","June","P006","Syria Health Mission Support","Syria","Damascus","Damascus Mission Office","D005","USAID","G-USAI-P006-2025","BL012","Audit & Compliance","External audit and compliance checks","69378","69378","36077","8325","56890","USD","Health service support","Health","Support","2678","1982","674","535","416","357","Complete","In progress","On time","Medium","Review","Synthetic anonymised portfolio record","N/A","0","0","0","N/A","Damascus Mission Office","N/A","Medium"
"TXN-SYN-0283","2025-07-10","2025","Q3","July","P001","Ukraine Health+ Response","Ukraine","Kyiv","Kyiv Base","D006","AECID","G-AECI-P001-2025","BL014","Indirect Costs","Indirect cost recovery","70757","71465","37876","9290","60744","EUR","Health service support","Health","In-kind","2697","2023","688","546","425","364","Partial","Gap identified","Late","High","Review","Synthetic anonymised portfolio record","N/A","0","0","0","N/A","Kyiv Base","N/A","High"
"TXN-SYN-0284","2025-08-13","2025","Q3","August","P002","Ukraine Winter CVA","Ukraine","Lviv","Lviv Branch","D007","EU Delegation","G-EUDE-P002-2025","BL001","Human Resources","National staff salaries","72136","73579","39733","10301","64750","EUR","Cash assistance payment","CVA","Cash","2716","2064","702","557","433","372","Missing","Complete","On time","High","Review","Synthetic anonymised portfolio record","Cycle 1","140","449","62860","Pending","Lviv Branch","Prepaid card","High"
"TXN-SYN-0285","2025-09-16","2025","Q3","September","P003","Poland Refugee CVA","Poland","Warsaw","Warsaw Branch","D008","Red Cross Movement","G-REDC-P003-2025","BL003","Programme Supplies","Medical and programme supplies","73515","75720","41646","11358","68905","CHF","Cash assistance payment","CVA","Cash","2735","2106","716","569","442","379","Complete","Complete","On time","Low","Compliant","Synthetic anonymised portfolio record","Cycle 2","155","458","70990","Completed","Warsaw Branch","Mobile money","Low"
"TXN-SYN-0286","2025-10-19","2025","Q4","October","P004","Sudan Food Security & WASH","Sudan","Port Sudan","Port Sudan Base","D009","Private Foundation","G-PRIV-P004-2025","BL004","CVA Transfers","Unconditional cash transfers","74894","77890","43618","2337","63091","USD","Cash assistance payment","WASH","Service delivery","2754","2148","730","580","451","387","Complete","In progress","On time","Medium","Review","Synthetic anonymised portfolio record","Cycle 3","170","467","79390","In progress","Port Sudan Base","Prepaid card","Medium"
"TXN-SYN-0287","2025-11-22","2025","Q4","November","P005","Venezuela-Colombia Multi-Donor Response","Venezuela/Colombia","Bogota","Bogota Office","D010","Own Funds","G-OWNF-P005-2025","BL005","CVA Transfers","Winter cash top-up","76273","80087","45650","3203","67273","EUR","Cash assistance payment","Multi-sector","Service delivery","0","0","0","0","0","0","Complete","Gap identified","Late","High","Review","Synthetic anonymised portfolio record","Cycle 4","185","0","0","Pending","Bogota Office","Mobile money","High"
"TXN-SYN-0288","2025-12-01","2025","Q4","December","P006","Syria Health Mission Support","Syria","Damascus","Damascus Mission Office","D001","ECHO","G-ECHO-P006-2025","BL006","WASH Infrastructure","Water point rehabilitation","77652","75322","43687","3766","65530","EUR","Health service support","Health","Support","2792","2234","760","603","469","402","Partial","Complete","On time","Low","Review","Synthetic anonymised portfolio record","N/A","0","0","0","N/A","Damascus Mission Office","N/A","Low"
"TXN-SYN-0289","2025-01-04","2025","Q1","January","P001","Ukraine Health+ Response","Ukraine","Kyiv","Kyiv Base","D002","BMZ","G-BMZ-P001-2025","BL007","Health Services","Primary health service support","79031","77450","45696","4647","56539","EUR","Health service support","Health","In-kind","2811","2277","774","615","478","410","Missing","Complete","On time","High","Review","Synthetic anonymised portfolio record","N/A","0","0","0","N/A","Kyiv Base","N/A","High"
"TXN-SYN-0290","2025-02-07","2025","Q1","February","P002","Ukraine Winter CVA","Ukraine","Lviv","Lviv Branch","D003","GFFO","G-GFFO-P002-2025","BL008","Logistics & Transport","Vehicle rental and fuel","80410","79606","47764","5572","60501","EUR","Cash assistance payment","CVA","Cash","2830","2321","789","627","487","418","Complete","In progress","On time","Medium","Review","Synthetic anonymised portfolio record","Cycle 3","110","505","55550","Pending","Lviv Branch","Prepaid card","Medium"
"TXN-SYN-0291","2025-03-10","2025","Q1","March","P003","Poland Refugee CVA","Poland","Warsaw","Warsaw Branch","D004","UNICEF","G-UNIC-P003-2025","BL009","Training & Capacity Building","Branch and partner training","81789","81789","49891","6543","64613","USD","Cash assistance payment","CVA","Cash","2849","2365","804","639","497","425","Complete","Gap identified","Late","High","Review","Synthetic anonymised portfolio record","Cycle 4","125","514","64250","Completed","Warsaw Branch","Mobile money","High"
"TXN-SYN-0292","2025-04-13","2025","Q2","April","P004","Sudan Food Security & WASH","Sudan","Port Sudan","Port Sudan Base","D005","USAID","G-USAI-P004-2025","BL010","Monitoring & Evaluation","PDM and field monitoring","83168","84000","52080","7560","68880","USD","WASH service delivery","WASH","Service delivery","2868","2409","819","650","506","434","Complete","Complete","On time","Low","Compliant","Synthetic anonymised portfolio record","N/A","0","0","0","N/A","Port Sudan Base","N/A","Low"
"TXN-SYN-0293","2025-05-16","2025","Q2","May","P005","Venezuela-Colombia Multi-Donor Response","Venezuela/Colombia","Bogota","Bogota Office","D006","AECID","G-AECI-P005-2025","BL011","Administration","Office running costs","84547","86238","54330","8624","73303","EUR","Programme operations","Multi-sector","Service delivery","0","0","0","0","0","0","Partial","Complete","On time","Low","Review","Synthetic anonymised portfolio record","N/A","0","0","0","N/A","Bogota Office","N/A","Low"
"TXN-SYN-0294","2025-06-19","2025","Q2","June","P006","Syria Health Mission Support","Syria","Damascus","Damascus Mission Office","D007","EU Delegation","G-EUDE-P006-2025","BL012","Audit & Compliance","External audit and compliance checks","85926","88504","56643","9735","77884","EUR","Health service support","Health","Support","2906","2499","850","675","525","449","Missing","In progress","On time","High","Review","Synthetic anonymised portfolio record","N/A","0","0","0","N/A","Damascus Mission Office","N/A","High"
"TXN-SYN-0295","2025-07-22","2025","Q3","July","P001","Ukraine Health+ Response","Ukraine","Kyiv","Kyiv Base","D008","Red Cross Movement","G-REDC-P001-2025","BL014","Indirect Costs","Indirect cost recovery","87305","90797","59018","10896","82626","CHF","Health service support","Health","In-kind","125","109","37","29","23","20","Complete","Gap identified","Late","High","Review","Synthetic anonymised portfolio record","N/A","0","0","0","N/A","Kyiv Base","N/A","High"
"TXN-SYN-0296","2025-08-01","2025","Q3","August","P002","Ukraine Winter CVA","Ukraine","Lviv","Lviv Branch","D009","Private Foundation","G-PRIV-P002-2025","BL001","Human Resources","National staff salaries","88684","93118","61458","12105","87531","USD","Cash assistance payment","CVA","Cash","144","127","43","34","27","23","Complete","Complete","On time","Low","Compliant","Synthetic anonymised portfolio record","Cycle 1","80","28","2240","Pending","Lviv Branch","Prepaid card","Low"
"TXN-SYN-0297","2025-09-04","2025","Q3","September","P003","Poland Refugee CVA","Poland","Warsaw","Warsaw Branch","D010","Own Funds","G-OWNF-P003-2025","BL003","Programme Supplies","Medical and programme supplies","90063","87361","58532","12231","84741","EUR","Cash assistance payment","CVA","Cash","163","145","49","39","30","27","Complete","Complete","On time","Low","Compliant","Synthetic anonymised portfolio record","Cycle 2","95","32","3040","Completed","Warsaw Branch","Mobile money","Low"
"TXN-SYN-0298","2025-10-07","2025","Q4","October","P004","Sudan Food Security & WASH","Sudan","Port Sudan","Port Sudan Base","D001","ECHO","G-ECHO-P004-2025","BL004","CVA Transfers","Unconditional cash transfers","9442","9253","6292","1388","9253","EUR","Cash assistance payment","WASH","Service delivery","182","164","56","44","34","30","Partial","In progress","On time","Medium","Review","Synthetic anonymised portfolio record","Cycle 3","110","36","3960","In progress","Port Sudan Base","Prepaid card","Medium"
"TXN-SYN-0299","2025-11-10","2025","Q4","November","P005","Venezuela-Colombia Multi-Donor Response","Venezuela/Colombia","Bogota","Bogota Office","D002","BMZ","G-BMZ-P005-2025","BL005","CVA Transfers","Winter cash top-up","10821","10713","7392","321","9641","EUR","Cash assistance payment","Multi-sector","Service delivery","0","0","0","0","0","0","Missing","Gap identified","Late","High","Review","Synthetic anonymised portfolio record","Cycle 4","125","0","0","Pending","Bogota Office","Mobile money","High"
"TXN-SYN-0300","2025-12-13","2025","Q4","December","P006","Syria Health Mission Support","Syria","Damascus","Damascus Mission Office","D003","GFFO","G-GFFO-P006-2025","BL006","WASH Infrastructure","Water point rehabilitation","12200","12200","8540","488","11346","EUR","Health service support","Health","Support","220","202","69","55","42","36","Complete","Complete","On time","Low","Compliant","Synthetic anonymised portfolio record","N/A","0","0","0","N/A","Damascus Mission Office","N/A","Low"
"TXN-SYN-0301","2025-01-16","2025","Q1","January","P001","Ukraine Health+ Response","Ukraine","Kyiv","Kyiv Base","D004","UNICEF","G-UNIC-P001-2025","BL007","Health Services","Primary health service support","13579","13715","9738","686","13167","USD","Health service support","Health","In-kind","239","222","75","60","47","40","Complete","Complete","On time","Low","Compliant","Synthetic anonymised portfolio record","N/A","0","0","0","N/A","Kyiv Base","N/A","Low"
"TXN-SYN-0302","2025-02-19","2025","Q1","February","P002","Ukraine Winter CVA","Ukraine","Lviv","Lviv Branch","D005","USAID","G-USAI-P002-2025","BL008","Logistics & Transport","Vehicle rental and fuel","14958","15257","10985","915","15104","USD","Cash assistance payment","CVA","Cash","258","243","83","66","51","43","Complete","In progress","On time","Medium","Review","Synthetic anonymised portfolio record","Cycle 3","170","53","9010","Pending","Lviv Branch","Prepaid card","Medium"
"TXN-SYN-0303","2025-03-22","2025","Q1","March","P003","Poland Refugee CVA","Poland","Warsaw","Warsaw Branch","D006","AECID","G-AECI-P003-2025","BL009","Training & Capacity Building","Branch and partner training","16337","16827","12284","1178","17164","EUR","Cash assistance payment","CVA","Cash","277","263","89","71","55","48","Partial","Gap identified","Late","High","Review","Synthetic anonymised portfolio record","Cycle 4","185","57","10545","Completed","Warsaw Branch","Mobile money","High"
"TXN-SYN-0304","2025-04-01","2025","Q2","April","P004","Sudan Food Security & WASH","Sudan","Port Sudan","Port Sudan Base","D007","EU Delegation","G-EUDE-P004-2025","BL010","Monitoring & Evaluation","PDM and field monitoring","17716","18425","13635","1474","19347","EUR","WASH service delivery","WASH","Service delivery","296","172","58","46","36","32","Missing","Complete","On time","High","Review","Synthetic anonymised portfolio record","N/A","0","0","0","N/A","Port Sudan Base","N/A","High"
"TXN-SYN-0305","2025-05-04","2025","Q2","May","P005","Venezuela-Colombia Multi-Donor Response","Venezuela/Colombia","Bogota","Bogota Office","D008","Red Cross Movement","G-REDC-P005-2025","BL011","Administration","Office running costs","19095","20050","15038","1805","21655","CHF","Programme operations","Multi-sector","Service delivery","0","0","0","0","0","0","Complete","Complete","On time","Low","Compliant","Synthetic anonymised portfolio record","N/A","0","0","0","N/A","Bogota Office","N/A","Low"
"TXN-SYN-0306","2025-06-07","2025","Q2","June","P006","Syria Health Mission Support","Syria","Damascus","Damascus Mission Office","D009","Private Foundation","G-PRIV-P006-2025","BL012","Audit & Compliance","External audit and compliance checks","20474","19860","15094","1986","18669","USD","Health service support","Health","Support","334","200","68","54","42","36","Complete","In progress","On time","Medium","Review","Synthetic anonymised portfolio record","N/A","0","0","0","N/A","Damascus Mission Office","N/A","Medium"
"TXN-SYN-0307","2025-07-10","2025","Q3","July","P001","Ukraine Health+ Response","Ukraine","Kyiv","Kyiv Base","D010","Own Funds","G-OWNF-P001-2025","BL014","Indirect Costs","Indirect cost recovery","21853","21416","16490","2356","20773","EUR","Health service support","Health","In-kind","353","215","73","58","45","39","Complete","Gap identified","Late","High","Review","Synthetic anonymised portfolio record","N/A","0","0","0","N/A","Kyiv Base","N/A","High"
"TXN-SYN-0308","2025-08-13","2025","Q3","August","P002","Ukraine Winter CVA","Ukraine","Lviv","Lviv Branch","D001","ECHO","G-ECHO-P002-2025","BL001","Human Resources","National staff salaries","23232","23000","17940","2760","23000","EUR","Cash assistance payment","CVA","Cash","372","231","79","62","49","41","Partial","Complete","On time","Low","Review","Synthetic anonymised portfolio record","Cycle 1","140","50","7000","Pending","Lviv Branch","Prepaid card","Low"
"TXN-SYN-0309","2025-09-16","2025","Q3","September","P003","Poland Refugee CVA","Poland","Warsaw","Warsaw Branch","D002","BMZ","G-BMZ-P003-2025","BL003","Programme Supplies","Medical and programme supplies","24611","24611","19443","3199","25349","EUR","Cash assistance payment","CVA","Cash","391","246","84","66","52","44","Missing","Complete","On time","High","Review","Synthetic anonymised portfolio record","Cycle 2","155","53","8215","Completed","Warsaw Branch","Mobile money","High"
"TXN-SYN-0310","2025-10-19","2025","Q4","October","P004","Sudan Food Security & WASH","Sudan","Port Sudan","Port Sudan Base","D003","GFFO","G-GFFO-P004-2025","BL004","CVA Transfers","Unconditional cash transfers","25990","26250","4725","3675","11550","EUR","Cash assistance payment","WASH","Service delivery","410","262","89","71","55","47","Complete","In progress","On time","Medium","Review","Synthetic anonymised portfolio record","Cycle 3","170","57","9690","In progress","Port Sudan Base","Prepaid card","Medium"
"TXN-SYN-0311","2025-11-22","2025","Q4","November","P005","Venezuela-Colombia Multi-Donor Response","Venezuela/Colombia","Bogota","Bogota Office","D004","UNICEF","G-UNIC-P005-2025","BL005","CVA Transfers","Winter cash top-up","27369","27916","5304","4187","13120","USD","Cash assistance payment","Multi-sector","Service delivery","0","0","0","0","0","0","Complete","Gap identified","Late","High","Review","Synthetic anonymised portfolio record","Cycle 4","185","0","0","Pending","Bogota Office","Mobile money","High"
"TXN-SYN-0312","2025-12-01","2025","Q4","December","P006","Syria Health Mission Support","Syria","Damascus","Damascus Mission Office","D005","USAID","G-USAI-P006-2025","BL006","WASH Infrastructure","Water point rehabilitation","28748","29610","5922","888","10955","USD","Health service support","Health","Support","448","296","101","80","62","53","Complete","Complete","On time","Low","Compliant","Synthetic anonymised portfolio record","N/A","0","0","0","N/A","Damascus Mission Office","N/A","Low"
"TXN-SYN-0313","2025-01-04","2025","Q1","January","P001","Ukraine Health+ Response","Ukraine","Kyiv","Kyiv Base","D006","AECID","G-AECI-P001-2025","BL007","Health Services","Primary health service support","30127","31332","6580","1253","12533","EUR","Health service support","Health","In-kind","467","313","106","85","66","56","Partial","Complete","On time","Low","Review","Synthetic anonymised portfolio record","N/A","0","0","0","N/A","Kyiv Base","N/A","Low"
"TXN-SYN-0314","2025-02-07","2025","Q1","February","P002","Ukraine Winter CVA","Ukraine","Lviv","Lviv Branch","D007","EU Delegation","G-EUDE-P002-2025","BL008","Logistics & Transport","Vehicle rental and fuel","31506","33081","7278","1654","14225","EUR","Cash assistance payment","CVA","Cash","486","330","112","89","69","60","Missing","In progress","On time","High","Review","Synthetic anonymised portfolio record","Cycle 3","110","72","7920","Pending","Lviv Branch","Prepaid card","High"
"TXN-SYN-0315","2025-03-10","2025","Q1","March","P003","Poland Refugee CVA","Poland","Warsaw","Warsaw Branch","D008","Red Cross Movement","G-REDC-P003-2025","BL009","Training & Capacity Building","Branch and partner training","32885","31898","7337","1914","14674","CHF","Cash assistance payment","CVA","Cash","505","348","118","94","73","63","Complete","Gap identified","Late","High","Review","Synthetic anonymised portfolio record","Cycle 4","125","76","9500","Completed","Warsaw Branch","Mobile money","High"
"TXN-SYN-0316","2025-04-13","2025","Q2","April","P004","Sudan Food Security & WASH","Sudan","Port Sudan","Port Sudan Base","D009","Private Foundation","G-PRIV-P004-2025","BL010","Monitoring & Evaluation","PDM and field monitoring","34264","33579","8059","2351","16454","USD","WASH service delivery","WASH","Service delivery","524","367","125","99","77","66","Complete","Complete","On time","Low","Compliant","Synthetic anonymised portfolio record","N/A","0","0","0","N/A","Port Sudan Base","N/A","Low"
"TXN-SYN-0317","2025-05-16","2025","Q2","May","P005","Venezuela-Colombia Multi-Donor Response","Venezuela/Colombia","Bogota","Bogota Office","D010","Own Funds","G-OWNF-P005-2025","BL011","Administration","Office running costs","35643","35287","8822","2823","18350","EUR","Programme operations","Multi-sector","Service delivery","0","0","0","0","0","0","Complete","Complete","On time","Low","Compliant","Synthetic anonymised portfolio record","N/A","0","0","0","N/A","Bogota Office","N/A","Low"
"TXN-SYN-0318","2025-06-19","2025","Q2","June","P006","Syria Health Mission Support","Syria","Damascus","Damascus Mission Office","D001","ECHO","G-ECHO-P006-2025","BL012","Audit & Compliance","External audit and compliance checks","37022","37022","9626","3332","20362","EUR","Health service support","Health","Support","562","405","138","109","85","73","Partial","In progress","On time","Medium","Review","Synthetic anonymised portfolio record","N/A","0","0","0","N/A","Damascus Mission Office","N/A","Medium"
"TXN-SYN-0319","2025-07-22","2025","Q3","July","P001","Ukraine Health+ Response","Ukraine","Kyiv","Kyiv Base","D002","BMZ","G-BMZ-P001-2025","BL014","Indirect Costs","Indirect cost recovery","38401","38785","10472","3879","22496","EUR","Health service support","Health","In-kind","581","424","144","114","89","77","Missing","Gap identified","Late","High","Review","Synthetic anonymised portfolio record","N/A","0","0","0","N/A","Kyiv Base","N/A","High"
"TXN-SYN-0320","2025-08-01","2025","Q3","August","P002","Ukraine Winter CVA","Ukraine","Lviv","Lviv Branch","D003","GFFO","G-GFFO-P002-2025","BL001","Human Resources","National staff salaries","39780","40576","11361","4463","24751","EUR","Cash assistance payment","CVA","Cash","600","444","151","120","93","80","Complete","Complete","On time","Low","Compliant","Synthetic anonymised portfolio record","Cycle 1","80","97","7760","Pending","Lviv Branch","Prepaid card","Low"
"TXN-SYN-0321","2025-09-04","2025","Q3","September","P003","Poland Refugee CVA","Poland","Warsaw","Warsaw Branch","D004","UNICEF","G-UNIC-P003-2025","BL003","Programme Supplies","Medical and programme supplies","41159","42394","12294","5087","27132","USD","Cash assistance payment","CVA","Cash","619","464","158","125","97","84","Complete","Complete","On time","Low","Compliant","Synthetic anonymised portfolio record","Cycle 2","95","101","9595","Completed","Warsaw Branch","Mobile money","Low"
"TXN-SYN-0322","2025-10-07","2025","Q4","October","P004","Sudan Food Security & WASH","Sudan","Port Sudan","Port Sudan Base","D005","USAID","G-USAI-P004-2025","BL004","CVA Transfers","Unconditional cash transfers","42538","44240","13272","5751","29641","USD","Cash assistance payment","WASH","Service delivery","638","485","165","131","102","87","Complete","In progress","On time","Medium","Review","Synthetic anonymised portfolio record","Cycle 3","110","105","11550","In progress","Port Sudan Base","Prepaid card","Medium"
"TXN-SYN-0323","2025-11-10","2025","Q4","November","P005","Venezuela-Colombia Multi-Donor Response","Venezuela/Colombia","Bogota","Bogota Office","D006","AECID","G-AECI-P005-2025","BL005","CVA Transfers","Winter cash top-up","43917","46113","14295","6456","24440","EUR","Cash assistance payment","Multi-sector","Service delivery","0","0","0","0","0","0","Partial","Gap identified","Late","High","Review","Synthetic anonymised portfolio record","Cycle 4","125","0","0","Pending","Bogota Office","Mobile money","High"
"TXN-SYN-0324","2025-12-13","2025","Q4","December","P006","Syria Health Mission Support","Syria","Damascus","Damascus Mission Office","D007","EU Delegation","G-EUDE-P006-2025","BL006","WASH Infrastructure","Water point rehabilitation","45296","43937","14060","6591","24605","EUR","Health service support","Health","Support","676","527","179","142","111","95","Missing","Complete","On time","High","Review","Synthetic anonymised portfolio record","N/A","0","0","0","N/A","Damascus Mission Office","N/A","High"
"TXN-SYN-0325","2025-01-16","2025","Q1","January","P001","Ukraine Health+ Response","Ukraine","Kyiv","Kyiv Base","D008","Red Cross Movement","G-REDC-P001-2025","BL007","Health Services","Primary health service support","46675","45742","15095","1372","21041","CHF","Health service support","Health","In-kind","695","549","187","148","115","99","Complete","Complete","On time","Low","Compliant","Synthetic anonymised portfolio record","N/A","0","0","0","N/A","Kyiv Base","N/A","Low"
"TXN-SYN-0326","2025-02-19","2025","Q1","February","P002","Ukraine Winter CVA","Ukraine","Lviv","Lviv Branch","D009","Private Foundation","G-PRIV-P002-2025","BL008","Logistics & Transport","Vehicle rental and fuel","48054","47573","16175","1903","23311","USD","Cash assistance payment","CVA","Cash","714","571","194","154","120","103","Complete","In progress","On time","Medium","Review","Synthetic anonymised portfolio record","Cycle 3","170","124","21080","Pending","Lviv Branch","Prepaid card","Medium"
"TXN-SYN-0327","2025-03-22","2025","Q1","March","P003","Poland Refugee CVA","Poland","Warsaw","Warsaw Branch","D010","Own Funds","G-OWNF-P003-2025","BL009","Training & Capacity Building","Branch and partner training","49433","49433","17302","2472","25706","EUR","Cash assistance payment","CVA","Cash","733","594","202","160","125","107","Complete","Gap identified","Late","High","Review","Synthetic anonymised portfolio record","Cycle 4","185","129","23865","Completed","Warsaw Branch","Mobile money","High"
"TXN-SYN-0328","2025-04-01","2025","Q2","April","P004","Sudan Food Security & WASH","Sudan","Port Sudan","Port Sudan Base","D001","ECHO","G-ECHO-P004-2025","BL010","Monitoring & Evaluation","PDM and field monitoring","50812","51320","18475","3079","28226","EUR","WASH service delivery","WASH","Service delivery","752","617","210","167","130","110","Partial","Complete","On time","Low","Review","Synthetic anonymised portfolio record","N/A","0","0","0","N/A","Port Sudan Base","N/A","Low"
"TXN-SYN-0329","2025-05-04","2025","Q2","May","P005","Venezuela-Colombia Multi-Donor Response","Venezuela/Colombia","Bogota","Bogota Office","D002","BMZ","G-BMZ-P005-2025","BL011","Administration","Office running costs","52191","53235","19697","3726","30876","EUR","Programme operations","Multi-sector","Service delivery","0","0","0","0","0","0","Missing","Complete","On time","High","Review","Synthetic anonymised portfolio record","N/A","0","0","0","N/A","Bogota Office","N/A","High"
"TXN-SYN-0330","2025-06-07","2025","Q2","June","P006","Syria Health Mission Support","Syria","Damascus","Damascus Mission Office","D003","GFFO","G-GFFO-P006-2025","BL012","Audit & Compliance","External audit and compliance checks","53570","55177","20967","4414","33658","EUR","Health service support","Health","Support","790","664","226","179","139","120","Complete","In progress","On time","Medium","Review","Synthetic anonymised portfolio record","N/A","0","0","0","N/A","Damascus Mission Office","N/A","Medium"
"TXN-SYN-0331","2025-07-10","2025","Q3","July","P001","Ukraine Health+ Response","Ukraine","Kyiv","Kyiv Base","D004","UNICEF","G-UNIC-P001-2025","BL014","Indirect Costs","Indirect cost recovery","54949","57147","22287","5143","36574","USD","Health service support","Health","In-kind","809","688","234","186","144","124","Complete","Gap identified","Late","High","Review","Synthetic anonymised portfolio record","N/A","0","0","0","N/A","Kyiv Base","N/A","High"
"TXN-SYN-0332","2025-08-13","2025","Q3","August","P002","Ukraine Winter CVA","Ukraine","Lviv","Lviv Branch","D005","USAID","G-USAI-P002-2025","BL001","Human Resources","National staff salaries","56328","59144","23658","5914","39626","USD","Cash assistance payment","CVA","Cash","828","712","242","192","150","128","Complete","Complete","On time","Low","Compliant","Synthetic anonymised portfolio record","Cycle 1","140","155","21700","Pending","Lviv Branch","Prepaid card","Low"
"TXN-SYN-0333","2025-09-16","2025","Q3","September","P003","Poland Refugee CVA","Poland","Warsaw","Warsaw Branch","D006","AECID","G-AECI-P003-2025","BL003","Programme Supplies","Medical and programme supplies","57707","55976","22950","6157","39183","EUR","Cash assistance payment","CVA","Cash","847","737","251","199","155","132","Partial","Complete","On time","Low","Review","Synthetic anonymised portfolio record","Cycle 2","155","160","24800","Completed","Warsaw Branch","Mobile money","Low"
"TXN-SYN-0334","2025-10-19","2025","Q4","October","P004","Sudan Food Security & WASH","Sudan","Port Sudan","Port Sudan Base","D007","EU Delegation","G-EUDE-P004-2025","BL004","CVA Transfers","Unconditional cash transfers","59086","57904","24320","6948","42270","EUR","Cash assistance payment","WASH","Service delivery","866","762","259","206","160","137","Missing","In progress","On time","High","Review","Synthetic anonymised portfolio record","Cycle 3","170","166","28220","In progress","Port Sudan Base","Prepaid card","High"
"TXN-SYN-0335","2025-11-22","2025","Q4","November","P005","Venezuela-Colombia Multi-Donor Response","Venezuela/Colombia","Bogota","Bogota Office","D008","Red Cross Movement","G-REDC-P005-2025","BL005","CVA Transfers","Winter cash top-up","60465","59860","25740","7782","45494","CHF","Cash assistance payment","Multi-sector","Service delivery","0","0","0","0","0","0","Complete","Gap identified","Late","High","Review","Synthetic anonymised portfolio record","Cycle 4","185","0","0","Pending","Bogota Office","Mobile money","High"
"TXN-SYN-0336","2025-12-01","2025","Q4","December","P006","Syria Health Mission Support","Syria","Damascus","Damascus Mission Office","D009","Private Foundation","G-PRIV-P006-2025","BL006","WASH Infrastructure","Water point rehabilitation","61844","61844","27211","8658","48856","USD","Health service support","Health","Support","904","814","277","220","171","146","Complete","Complete","On time","Low","Compliant","Synthetic anonymised portfolio record","N/A","0","0","0","N/A","Damascus Mission Office","N/A","Low"
"TXN-SYN-0337","2025-01-04","2025","Q1","January","P001","Ukraine Health+ Response","Ukraine","Kyiv","Kyiv Base","D010","Own Funds","G-OWNF-P001-2025","BL007","Health Services","Primary health service support","63223","63855","28735","9578","52361","EUR","Health service support","Health","In-kind","923","840","286","227","176","151","Complete","Complete","On time","Low","Compliant","Synthetic anonymised portfolio record","N/A","0","0","0","N/A","Kyiv Base","N/A","Low"
"TXN-SYN-0338","2025-02-07","2025","Q1","February","P002","Ukraine Winter CVA","Ukraine","Lviv","Lviv Branch","D001","ECHO","G-ECHO-P002-2025","BL008","Logistics & Transport","Vehicle rental and fuel","64602","65894","30311","1977","47444","EUR","Cash assistance payment","CVA","Cash","942","867","295","234","182","156","Partial","In progress","On time","Medium","Review","Synthetic anonymised portfolio record","Cycle 3","110","188","20680","Pending","Lviv Branch","Prepaid card","Medium"
"TXN-SYN-0339","2025-03-10","2025","Q1","March","P003","Poland Refugee CVA","Poland","Warsaw","Warsaw Branch","D002","BMZ","G-BMZ-P003-2025","BL009","Training & Capacity Building","Branch and partner training","65981","67960","31941","2718","50969","EUR","Cash assistance payment","CVA","Cash","961","894","304","241","188","161","Missing","Gap identified","Late","High","Review","Synthetic anonymised portfolio record","Cycle 4","125","194","24250","Completed","Warsaw Branch","Mobile money","High"
"TXN-SYN-0340","2025-04-13","2025","Q2","April","P004","Sudan Food Security & WASH","Sudan","Port Sudan","Port Sudan Base","D003","GFFO","G-GFFO-P004-2025","BL010","Monitoring & Evaluation","PDM and field monitoring","67360","70054","33626","3503","42733","EUR","WASH service delivery","WASH","Service delivery","980","921","313","249","193","166","Complete","Complete","On time","Low","Compliant","Synthetic anonymised portfolio record","N/A","0","0","0","N/A","Port Sudan Base","N/A","Low"
"TXN-SYN-0341","2025-05-16","2025","Q2","May","P005","Venezuela-Colombia Multi-Donor Response","Venezuela/Colombia","Bogota","Bogota Office","D004","UNICEF","G-UNIC-P005-2025","BL011","Administration","Office running costs","68739","72176","35366","4331","46193","USD","Programme operations","Multi-sector","Service delivery","0","0","0","0","0","0","Complete","Complete","On time","Low","Compliant","Synthetic anonymised portfolio record","N/A","0","0","0","N/A","Bogota Office","N/A","Low"
"TXN-SYN-0342","2025-06-19","2025","Q2","June","P006","Syria Health Mission Support","Syria","Damascus","Damascus Mission Office","D005","USAID","G-USAI-P006-2025","BL012","Audit & Compliance","External audit and compliance checks","70118","68014","34007","4761","45569","USD","Health service support","Health","Support","1018","590","201","159","124","106","Complete","In progress","On time","Medium","Review","Synthetic anonymised portfolio record","N/A","0","0","0","N/A","Damascus Mission Office","N/A","Medium"
"TXN-SYN-0343","2025-07-22","2025","Q3","July","P001","Ukraine Health+ Response","Ukraine","Kyiv","Kyiv Base","D006","AECID","G-AECI-P001-2025","BL014","Indirect Costs","Indirect cost recovery","71497","70067","35734","5605","49046","EUR","Health service support","Health","In-kind","1037","612","208","165","129","110","Partial","Gap identified","Late","High","Review","Synthetic anonymised portfolio record","N/A","0","0","0","N/A","Kyiv Base","N/A","High"
"TXN-SYN-0344","2025-08-01","2025","Q3","August","P002","Ukraine Winter CVA","Ukraine","Lviv","Lviv Branch","D007","EU Delegation","G-EUDE-P002-2025","BL001","Human Resources","National staff salaries","72876","72147","37516","6493","52667","EUR","Cash assistance payment","CVA","Cash","1056","634","216","171","133","114","Missing","Complete","On time","High","Review","Synthetic anonymised portfolio record","Cycle 1","80","138","11040","Pending","Lviv Branch","Prepaid card","High"
"TXN-SYN-0345","2025-09-04","2025","Q3","September","P003","Poland Refugee CVA","Poland","Warsaw","Warsaw Branch","D008","Red Cross Movement","G-REDC-P003-2025","BL003","Programme Supplies","Medical and programme supplies","74255","74255","39355","7426","56434","CHF","Cash assistance payment","CVA","Cash","1075","656","223","177","138","118","Complete","Complete","On time","Low","Compliant","Synthetic anonymised portfolio record","Cycle 2","95","143","13585","Completed","Warsaw Branch","Mobile money","Low"
"TXN-SYN-0346","2025-10-07","2025","Q4","October","P004","Sudan Food Security & WASH","Sudan","Port Sudan","Port Sudan Base","D009","Private Foundation","G-PRIV-P004-2025","BL004","CVA Transfers","Unconditional cash transfers","75634","76390","41251","8403","60349","USD","Cash assistance payment","WASH","Service delivery","1094","678","231","183","142","122","Complete","In progress","On time","Medium","Review","Synthetic anonymised portfolio record","Cycle 3","110","147","16170","In progress","Port Sudan Base","Prepaid card","Medium"
"TXN-SYN-0347","2025-11-10","2025","Q4","November","P005","Venezuela-Colombia Multi-Donor Response","Venezuela/Colombia","Bogota","Bogota Office","D010","Own Funds","G-OWNF-P005-2025","BL005","CVA Transfers","Winter cash top-up","77013","78553","43204","9426","64413","EUR","Cash assistance payment","Multi-sector","Service delivery","0","0","0","0","0","0","Complete","Gap identified","Late","High","Review","Synthetic anonymised portfolio record","Cycle 4","125","0","0","Pending","Bogota Office","Mobile money","High"
"TXN-SYN-0348","2025-12-13","2025","Q4","December","P006","Syria Health Mission Support","Syria","Damascus","Damascus Mission Office","D001","ECHO","G-ECHO-P006-2025","BL006","WASH Infrastructure","Water point rehabilitation","78392","80744","45217","10497","68633","EUR","Health service support","Health","Support","1132","724","246","195","152","131","Partial","Complete","On time","Low","Review","Synthetic anonymised portfolio record","N/A","0","0","0","N/A","Damascus Mission Office","N/A","Low"
"TXN-SYN-0349","2025-01-16","2025","Q1","January","P001","Ukraine Health+ Response","Ukraine","Kyiv","Kyiv Base","D002","BMZ","G-BMZ-P001-2025","BL007","Health Services","Primary health service support","79771","82962","47288","11615","73007","EUR","Health service support","Health","In-kind","1151","748","254","202","157","135","Missing","Complete","On time","High","Review","Synthetic anonymised portfolio record","N/A","0","0","0","N/A","Kyiv Base","N/A","High"
"TXN-SYN-0350","2025-02-19","2025","Q1","February","P002","Ukraine Winter CVA","Ukraine","Lviv","Lviv Branch","D003","GFFO","G-GFFO-P002-2025","BL008","Logistics & Transport","Vehicle rental and fuel","81150","85208","49421","12781","77539","EUR","Cash assistance payment","CVA","Cash","1170","772","262","208","162","140","Complete","In progress","On time","Medium","Review","Synthetic anonymised portfolio record","Cycle 3","170","168","28560","Pending","Lviv Branch","Prepaid card","Medium"
"TXN-SYN-0351","2025-03-22","2025","Q1","March","P003","Poland Refugee CVA","Poland","Warsaw","Warsaw Branch","D004","UNICEF","G-UNIC-P003-2025","BL009","Training & Capacity Building","Branch and partner training","82529","80053","47231","2402","64843","USD","Cash assistance payment","CVA","Cash","1189","797","271","215","167","144","Complete","Gap identified","Late","High","Review","Synthetic anonymised portfolio record","Cycle 4","185","173","32005","Completed","Warsaw Branch","Mobile money","High"
"TXN-SYN-0352","2025-04-01","2025","Q2","April","P004","Sudan Food Security & WASH","Sudan","Port Sudan","Port Sudan Base","D005","USAID","G-USAI-P004-2025","BL010","Monitoring & Evaluation","PDM and field monitoring","83908","82230","49338","3289","69073","USD","WASH service delivery","WASH","Service delivery","1208","821","279","222","172","148","Complete","Complete","On time","Low","Compliant","Synthetic anonymised portfolio record","N/A","0","0","0","N/A","Port Sudan Base","N/A","Low"
"TXN-SYN-0353","2025-05-04","2025","Q2","May","P005","Venezuela-Colombia Multi-Donor Response","Venezuela/Colombia","Bogota","Bogota Office","D006","AECID","G-AECI-P005-2025","BL011","Administration","Office running costs","85287","84434","51505","4222","73458","EUR","Programme operations","Multi-sector","Service delivery","0","0","0","0","0","0","Partial","Complete","On time","Low","Review","Synthetic anonymised portfolio record","N/A","0","0","0","N/A","Bogota Office","N/A","Low"
"TXN-SYN-0354","2025-06-07","2025","Q2","June","P006","Syria Health Mission Support","Syria","Damascus","Damascus Mission Office","D007","EU Delegation","G-EUDE-P006-2025","BL012","Audit & Compliance","External audit and compliance checks","86666","86666","53733","5200","78000","EUR","Health service support","Health","Support","1246","872","296","235","183","158","Missing","In progress","On time","High","Review","Synthetic anonymised portfolio record","N/A","0","0","0","N/A","Damascus Mission Office","N/A","High"
"TXN-SYN-0355","2025-07-10","2025","Q3","July","P001","Ukraine Health+ Response","Ukraine","Kyiv","Kyiv Base","D008","Red Cross Movement","G-REDC-P001-2025","BL014","Indirect Costs","Indirect cost recovery","88045","88925","56023","6225","82701","CHF","Health service support","Health","In-kind","1265","898","305","242","189","162","Complete","Gap identified","Late","High","Review","Synthetic anonymised portfolio record","N/A","0","0","0","N/A","Kyiv Base","N/A","High"
"TXN-SYN-0356","2025-08-13","2025","Q3","August","P002","Ukraine Winter CVA","Ukraine","Lviv","Lviv Branch","D009","Private Foundation","G-PRIV-P002-2025","BL001","Human Resources","National staff salaries","89424","91212","58376","7297","87564","USD","Cash assistance payment","CVA","Cash","1284","924","314","249","194","167","Complete","Complete","On time","Low","Compliant","Synthetic anonymised portfolio record","Cycle 1","140","201","28140","Pending","Lviv Branch","Prepaid card","Low"
"TXN-SYN-0357","2025-09-16","2025","Q3","September","P003","Poland Refugee CVA","Poland","Warsaw","Warsaw Branch","D010","Own Funds","G-OWNF-P003-2025","BL003","Programme Supplies","Medical and programme supplies","8803","9067","5894","816","7435","EUR","Cash assistance payment","CVA","Cash","1303","951","323","257","200","171","Complete","Complete","On time","Low","Compliant","Synthetic anonymised portfolio record","Cycle 2","155","207","32085","Completed","Warsaw Branch","Mobile money","Low"
"TXN-SYN-0358","2025-10-19","2025","Q4","October","P004","Sudan Food Security & WASH","Sudan","Port Sudan","Port Sudan Base","D001","ECHO","G-ECHO-P004-2025","BL004","CVA Transfers","Unconditional cash transfers","10182","10589","6989","1059","9001","EUR","Cash assistance payment","WASH","Service delivery","1322","978","333","264","205","176","Partial","In progress","On time","Medium","Review","Synthetic anonymised portfolio record","Cycle 3","170","213","36210","In progress","Port Sudan Base","Prepaid card","Medium"
"TXN-SYN-0359","2025-11-22","2025","Q4","November","P005","Venezuela-Colombia Multi-Donor Response","Venezuela/Colombia","Bogota","Bogota Office","D002","BMZ","G-BMZ-P005-2025","BL005","CVA Transfers","Winter cash top-up","11561","12139","8133","1335","10682","EUR","Cash assistance payment","Multi-sector","Service delivery","0","0","0","0","0","0","Missing","Gap identified","Late","High","Review","Synthetic anonymised portfolio record","Cycle 4","185","0","0","Pending","Bogota Office","Mobile money","High"
"TXN-SYN-0360","2025-12-01","2025","Q4","December","P006","Syria Health Mission Support","Syria","Damascus","Damascus Mission Office","D003","GFFO","G-GFFO-P006-2025","BL006","WASH Infrastructure","Water point rehabilitation","12940","12552","8535","1506","11422","EUR","Health service support","Health","Support","1360","1034","352","279","217","186","Complete","Complete","On time","Low","Compliant","Synthetic anonymised portfolio record","N/A","0","0","0","N/A","Damascus Mission Office","N/A","Low"
"TXN-SYN-0361","2025-01-04","2025","Q1","January","P001","Ukraine Health+ Response","Ukraine","Kyiv","Kyiv Base","D004","UNICEF","G-UNIC-P001-2025","BL007","Health Services","Primary health service support","14319","14033","9683","1824","13191","USD","Health service support","Health","In-kind","1379","1062","361","287","223","191","Complete","Complete","On time","Low","Compliant","Synthetic anonymised portfolio record","N/A","0","0","0","N/A","Kyiv Base","N/A","Low"
"TXN-SYN-0362","2025-02-07","2025","Q1","February","P002","Ukraine Winter CVA","Ukraine","Lviv","Lviv Branch","D005","USAID","G-USAI-P002-2025","BL008","Logistics & Transport","Vehicle rental and fuel","15698","15541","10879","2176","15075","USD","Cash assistance payment","CVA","Cash","1398","1090","371","294","229","196","Complete","In progress","On time","Medium","Review","Synthetic anonymised portfolio record","Cycle 3","110","237","26070","Pending","Lviv Branch","Prepaid card","Medium"
"TXN-SYN-0363","2025-03-10","2025","Q1","March","P003","Poland Refugee CVA","Poland","Warsaw","Warsaw Branch","D006","AECID","G-AECI-P003-2025","BL009","Training & Capacity Building","Branch and partner training","17077","17077","12125","2562","17078","EUR","Cash assistance payment","CVA","Cash","1417","1119","380","302","235","202","Partial","Gap identified","Late","High","Review","Synthetic anonymised portfolio record","Cycle 4","125","243","30375","Completed","Warsaw Branch","Mobile money","High"
"TXN-SYN-0364","2025-04-13","2025","Q2","April","P004","Sudan Food Security & WASH","Sudan","Port Sudan","Port Sudan Base","D007","EU Delegation","G-EUDE-P004-2025","BL010","Monitoring & Evaluation","PDM and field monitoring","18456","18641","13422","559","16777","EUR","WASH service delivery","WASH","Service delivery","1436","1149","391","310","241","207","Missing","Complete","On time","High","Review","Synthetic anonymised portfolio record","N/A","0","0","0","N/A","Port Sudan Base","N/A","High"
"TXN-SYN-0365","2025-05-16","2025","Q2","May","P005","Venezuela-Colombia Multi-Donor Response","Venezuela/Colombia","Bogota","Bogota Office","D008","Red Cross Movement","G-REDC-P005-2025","BL011","Administration","Office running costs","19835","20232","14769","809","18815","CHF","Programme operations","Multi-sector","Service delivery","0","0","0","0","0","0","Complete","Complete","On time","Low","Compliant","Synthetic anonymised portfolio record","N/A","0","0","0","N/A","Bogota Office","N/A","Low"
"TXN-SYN-0366","2025-06-19","2025","Q2","June","P006","Syria Health Mission Support","Syria","Damascus","Damascus Mission Office","D009","Private Foundation","G-PRIV-P006-2025","BL012","Audit & Compliance","External audit and compliance checks","21214","21850","16169","1093","20977","USD","Health service support","Health","Support","1474","1209","411","326","254","218","Complete","In progress","On time","Medium","Review","Synthetic anonymised portfolio record","N/A","0","0","0","N/A","Damascus Mission Office","N/A","Medium"
"TXN-SYN-0367","2025-07-22","2025","Q3","July","P001","Ukraine Health+ Response","Ukraine","Kyiv","Kyiv Base","D010","Own Funds","G-OWNF-P001-2025","BL014","Indirect Costs","Indirect cost recovery","22593","23497","17623","1410","23262","EUR","Health service support","Health","In-kind","1493","1239","421","335","260","223","Complete","Gap identified","Late","High","Review","Synthetic anonymised portfolio record","N/A","0","0","0","N/A","Kyiv Base","N/A","High"
"TXN-SYN-0368","2025-08-01","2025","Q3","August","P002","Ukraine Winter CVA","Ukraine","Lviv","Lviv Branch","D001","ECHO","G-ECHO-P002-2025","BL001","Human Resources","National staff salaries","23972","25171","19130","1762","25674","EUR","Cash assistance payment","CVA","Cash","1512","1270","432","343","267","228","Partial","Complete","On time","Low","Review","Synthetic anonymised portfolio record","Cycle 1","80","276","22080","Pending","Lviv Branch","Prepaid card","Low"
"TXN-SYN-0369","2025-09-04","2025","Q3","September","P003","Poland Refugee CVA","Poland","Warsaw","Warsaw Branch","D002","BMZ","G-BMZ-P003-2025","BL003","Programme Supplies","Medical and programme supplies","25351","24590","18934","1967","25819","EUR","Cash assistance payment","CVA","Cash","1531","1301","442","351","273","235","Missing","Complete","On time","High","Review","Synthetic anonymised portfolio record","Cycle 2","95","283","26885","Completed","Warsaw Branch","Mobile money","High"
"TXN-SYN-0370","2025-10-07","2025","Q4","October","P004","Sudan Food Security & WASH","Sudan","Port Sudan","Port Sudan Base","D003","GFFO","G-GFFO-P004-2025","BL004","CVA Transfers","Unconditional cash transfers","26730","26195","20432","2358","28291","EUR","Cash assistance payment","WASH","Service delivery","1550","1333","453","360","280","240","Complete","In progress","On time","Medium","Review","Synthetic anonymised portfolio record","Cycle 3","110","290","31900","In progress","Port Sudan Base","Prepaid card","Medium"
"TXN-SYN-0371","2025-11-10","2025","Q4","November","P005","Venezuela-Colombia Multi-Donor Response","Venezuela/Colombia","Bogota","Bogota Office","D004","UNICEF","G-UNIC-P005-2025","BL005","CVA Transfers","Winter cash top-up","28109","27828","21984","2783","30889","USD","Cash assistance payment","Multi-sector","Service delivery","0","0","0","0","0","0","Complete","Gap identified","Late","High","Review","Synthetic anonymised portfolio record","Cycle 4","125","0","0","Pending","Bogota Office","Mobile money","High"
"TXN-SYN-0372","2025-12-13","2025","Q4","December","P006","Syria Health Mission Support","Syria","Damascus","Damascus Mission Office","D005","USAID","G-USAI-P006-2025","BL006","WASH Infrastructure","Water point rehabilitation","29488","29488","5308","3244","15334","USD","Health service support","Health","Support","1588","1397","475","377","293","252","Complete","Complete","On time","Low","Compliant","Synthetic anonymised portfolio record","N/A","0","0","0","N/A","Damascus Mission Office","N/A","Low"
"TXN-SYN-0373","2025-01-16","2025","Q1","January","P001","Ukraine Health+ Response","Ukraine","Kyiv","Kyiv Base","D006","AECID","G-AECI-P001-2025","BL007","Health Services","Primary health service support","30867","31176","5923","3741","17146","EUR","Health service support","Health","In-kind","1607","1430","486","386","300","258","Partial","Complete","On time","Low","Review","Synthetic anonymised portfolio record","N/A","0","0","0","N/A","Kyiv Base","N/A","Low"
"TXN-SYN-0374","2025-02-19","2025","Q1","February","P002","Ukraine Winter CVA","Ukraine","Lviv","Lviv Branch","D007","EU Delegation","G-EUDE-P002-2025","BL008","Logistics & Transport","Vehicle rental and fuel","32246","32891","6578","4276","13485","EUR","Cash assistance payment","CVA","Cash","1626","1463","497","395","307","264","Missing","In progress","On time","High","Review","Synthetic anonymised portfolio record","Cycle 3","170","318","54060","Pending","Lviv Branch","Prepaid card","High"
"TXN-SYN-0375","2025-03-22","2025","Q1","March","P003","Poland Refugee CVA","Poland","Warsaw","Warsaw Branch","D008","Red Cross Movement","G-REDC-P003-2025","BL009","Training & Capacity Building","Branch and partner training","33625","34634","7273","4849","15239","CHF","Cash assistance payment","CVA","Cash","1645","1497","509","404","314","270","Complete","Gap identified","Late","High","Review","Synthetic anonymised portfolio record","Cycle 4","185","325","60125","Completed","Warsaw Branch","Mobile money","High"
"TXN-SYN-0376","2025-04-01","2025","Q2","April","P004","Sudan Food Security & WASH","Sudan","Port Sudan","Port Sudan Base","D009","Private Foundation","G-PRIV-P004-2025","BL010","Monitoring & Evaluation","PDM and field monitoring","35004","36404","8009","5461","17110","USD","WASH service delivery","WASH","Service delivery","1664","1531","521","413","322","275","Complete","Complete","On time","Low","Compliant","Synthetic anonymised portfolio record","N/A","0","0","0","N/A","Port Sudan Base","N/A","Low"
"TXN-SYN-0377","2025-05-04","2025","Q2","May","P005","Venezuela-Colombia Multi-Donor Response","Venezuela/Colombia","Bogota","Bogota Office","D010","Own Funds","G-OWNF-P005-2025","BL011","Administration","Office running costs","36383","38202","8786","1146","14134","EUR","Programme operations","Multi-sector","Service delivery","0","0","0","0","0","0","Complete","Complete","On time","Low","Compliant","Synthetic anonymised portfolio record","N/A","0","0","0","N/A","Bogota Office","N/A","Low"
"TXN-SYN-0378","2025-06-07","2025","Q2","June","P006","Syria Health Mission Support","Syria","Damascus","Damascus Mission Office","D001","ECHO","G-ECHO-P006-2025","BL012","Audit & Compliance","External audit and compliance checks","37762","36629","8791","1465","14651","EUR","Health service support","Health","Support","1702","1600","544","432","336","288","Partial","In progress","On time","Medium","Review","Synthetic anonymised portfolio record","N/A","0","0","0","N/A","Damascus Mission Office","N/A","Medium"
"TXN-SYN-0379","2025-07-10","2025","Q3","July","P001","Ukraine Health+ Response","Ukraine","Kyiv","Kyiv Base","D002","BMZ","G-BMZ-P001-2025","BL014","Indirect Costs","Indirect cost recovery","39141","38358","9590","1918","16495","EUR","Health service support","Health","In-kind","1721","1635","556","441","343","295","Missing","Gap identified","Late","High","Review","Synthetic anonymised portfolio record","N/A","0","0","0","N/A","Kyiv Base","N/A","High"
"TXN-SYN-0380","2025-08-13","2025","Q3","August","P002","Ukraine Winter CVA","Ukraine","Lviv","Lviv Branch","D003","GFFO","G-GFFO-P002-2025","BL001","Human Resources","National staff salaries","40520","40115","10430","2407","18453","EUR","Cash assistance payment","CVA","Cash","1740","1009","343","272","212","182","Complete","Complete","On time","Low","Compliant","Synthetic anonymised portfolio record","Cycle 1","140","219","30660","Pending","Lviv Branch","Prepaid card","Low"
"TXN-SYN-0381","2025-09-16","2025","Q3","September","P003","Poland Refugee CVA","Poland","Warsaw","Warsaw Branch","D004","UNICEF","G-UNIC-P003-2025","BL003","Programme Supplies","Medical and programme supplies","41899","41899","11313","2933","20531","USD","Cash assistance payment","CVA","Cash","1759","1038","353","280","218","187","Complete","Complete","On time","Low","Compliant","Synthetic anonymised portfolio record","Cycle 2","155","226","35030","Completed","Warsaw Branch","Mobile money","Low"
"TXN-SYN-0382","2025-10-19","2025","Q4","October","P004","Sudan Food Security & WASH","Sudan","Port Sudan","Port Sudan Base","D005","USAID","G-USAI-P004-2025","BL004","CVA Transfers","Unconditional cash transfers","43278","43711","12239","3497","22730","USD","Cash assistance payment","WASH","Service delivery","1778","1067","363","288","224","192","Complete","In progress","On time","Medium","Review","Synthetic anonymised portfolio record","Cycle 3","170","232","39440","In progress","Port Sudan Base","Prepaid card","Medium"
"TXN-SYN-0383","2025-11-22","2025","Q4","November","P005","Venezuela-Colombia Multi-Donor Response","Venezuela/Colombia","Bogota","Bogota Office","D006","AECID","G-AECI-P005-2025","BL005","CVA Transfers","Winter cash top-up","44657","45550","13209","4100","25053","EUR","Cash assistance payment","Multi-sector","Service delivery","0","0","0","0","0","0","Partial","Gap identified","Late","High","Review","Synthetic anonymised portfolio record","Cycle 4","185","0","0","Pending","Bogota Office","Mobile money","High"
"TXN-SYN-0384","2025-12-01","2025","Q4","December","P006","Syria Health Mission Support","Syria","Damascus","Damascus Mission Office","D007","EU Delegation","G-EUDE-P006-2025","BL006","WASH Infrastructure","Water point rehabilitation","46036","47417","14225","4742","27502","EUR","Health service support","Health","Support","1816","1126","383","304","236","203","Missing","Complete","On time","High","Review","Synthetic anonymised portfolio record","N/A","0","0","0","N/A","Damascus Mission Office","N/A","High"
"TXN-SYN-0385","2025-01-04","2025","Q1","January","P001","Ukraine Health+ Response","Ukraine","Kyiv","Kyiv Base","D008","Red Cross Movement","G-REDC-P001-2025","BL007","Health Services","Primary health service support","47415","49312","15287","5424","30080","CHF","Health service support","Health","In-kind","1835","1156","393","312","243","208","Complete","Complete","On time","Low","Compliant","Synthetic anonymised portfolio record","N/A","0","0","0","N/A","Kyiv Base","N/A","Low"
"TXN-SYN-0386","2025-02-07","2025","Q1","February","P002","Ukraine Winter CVA","Ukraine","Lviv","Lviv Branch","D009","Private Foundation","G-PRIV-P002-2025","BL008","Logistics & Transport","Vehicle rental and fuel","48794","51234","16395","6148","32790","USD","Cash assistance payment","CVA","Cash","1854","1187","404","320","249","214","Complete","In progress","On time","Medium","Review","Synthetic anonymised portfolio record","Cycle 3","110","258","28380","Pending","Lviv Branch","Prepaid card","Medium"
"TXN-SYN-0387","2025-03-10","2025","Q1","March","P003","Poland Refugee CVA","Poland","Warsaw","Warsaw Branch","D010","Own Funds","G-OWNF-P003-2025","BL009","Training & Capacity Building","Branch and partner training","50173","48668","16060","6327","32607","EUR","Cash assistance payment","CVA","Cash","1873","1217","414","329","256","218","Complete","Gap identified","Late","High","Review","Synthetic anonymised portfolio record","Cycle 4","125","265","33125","Completed","Warsaw Branch","Mobile money","High"
"TXN-SYN-0388","2025-04-13","2025","Q2","April","P004","Sudan Food Security & WASH","Sudan","Port Sudan","Port Sudan Base","D001","ECHO","G-ECHO-P004-2025","BL010","Monitoring & Evaluation","PDM and field monitoring","51552","50521","17177","7073","35365","EUR","WASH service delivery","WASH","Service delivery","1892","1249","425","337","262","225","Partial","Complete","On time","Low","Review","Synthetic anonymised portfolio record","N/A","0","0","0","N/A","Port Sudan Base","N/A","Low"
"TXN-SYN-0389","2025-05-16","2025","Q2","May","P005","Venezuela-Colombia Multi-Donor Response","Venezuela/Colombia","Bogota","Bogota Office","D002","BMZ","G-BMZ-P005-2025","BL011","Administration","Office running costs","52931","52402","18341","7860","38253","EUR","Programme operations","Multi-sector","Service delivery","0","0","0","0","0","0","Missing","Complete","On time","High","Review","Synthetic anonymised portfolio record","N/A","0","0","0","N/A","Bogota Office","N/A","High"
"TXN-SYN-0390","2025-06-19","2025","Q2","June","P006","Syria Health Mission Support","Syria","Damascus","Damascus Mission Office","D003","GFFO","G-GFFO-P006-2025","BL012","Audit & Compliance","External audit and compliance checks","54310","54310","19552","1629","34215","EUR","Health service support","Health","Support","1930","1312","446","354","276","236","Complete","In progress","On time","Medium","Review","Synthetic anonymised portfolio record","N/A","0","0","0","N/A","Damascus Mission Office","N/A","Medium"
"TXN-SYN-0391","2025-07-22","2025","Q3","July","P001","Ukraine Health+ Response","Ukraine","Kyiv","Kyiv Base","D004","UNICEF","G-UNIC-P001-2025","BL014","Indirect Costs","Indirect cost recovery","55689","56246","20811","2250","27561","USD","Health service support","Health","In-kind","1949","1345","457","363","282","243","Complete","Gap identified","Late","High","Review","Synthetic anonymised portfolio record","N/A","0","0","0","N/A","Kyiv Base","N/A","High"
"TXN-SYN-0392","2025-08-01","2025","Q3","August","P002","Ukraine Winter CVA","Ukraine","Lviv","Lviv Branch","D005","USAID","G-USAI-P002-2025","BL001","Human Resources","National staff salaries","57068","58209","22119","2910","30268","USD","Cash assistance payment","CVA","Cash","1968","1378","469","372","289","248","Complete","Complete","On time","Low","Compliant","Synthetic anonymised portfolio record","Cycle 1","80","300","24000","Pending","Lviv Branch","Prepaid card","Low"
"TXN-SYN-0393","2025-09-04","2025","Q3","September","P003","Poland Refugee CVA","Poland","Warsaw","Warsaw Branch","D006","AECID","G-AECI-P003-2025","BL003","Programme Supplies","Medical and programme supplies","58447","60200","23478","3612","33110","EUR","Cash assistance payment","CVA","Cash","1987","1411","480","381","296","254","Partial","Complete","On time","Low","Review","Synthetic anonymised portfolio record","Cycle 2","95","307","29165","Completed","Warsaw Branch","Mobile money","Low"
"TXN-SYN-0394","2025-10-07","2025","Q4","October","P004","Sudan Food Security & WASH","Sudan","Port Sudan","Port Sudan Base","D007","EU Delegation","G-EUDE-P004-2025","BL004","CVA Transfers","Unconditional cash transfers","59826","62219","24888","4355","36087","EUR","Cash assistance payment","WASH","Service delivery","2006","1444","491","390","303","260","Missing","In progress","On time","High","Review","Synthetic anonymised portfolio record","Cycle 3","110","314","34540","In progress","Port Sudan Base","Prepaid card","High"
"TXN-SYN-0395","2025-11-10","2025","Q4","November","P005","Venezuela-Colombia Multi-Donor Response","Venezuela/Colombia","Bogota","Bogota Office","D008","Red Cross Movement","G-REDC-P005-2025","BL005","CVA Transfers","Winter cash top-up","61205","64265","26349","5141","39202","CHF","Cash assistance payment","Multi-sector","Service delivery","0","0","0","0","0","0","Complete","Gap identified","Late","High","Review","Synthetic anonymised portfolio record","Cycle 4","125","0","0","Pending","Bogota Office","Mobile money","High"
"TXN-SYN-0396","2025-12-13","2025","Q4","December","P006","Syria Health Mission Support","Syria","Damascus","Damascus Mission Office","D009","Private Foundation","G-PRIV-P006-2025","BL006","WASH Infrastructure","Water point rehabilitation","62584","60706","25497","5464","38853","USD","Health service support","Health","Support","2044","1513","514","409","318","272","Complete","Complete","On time","Low","Compliant","Synthetic anonymised portfolio record","N/A","0","0","0","N/A","Damascus Mission Office","N/A","Low"
"TXN-SYN-0397","2025-01-16","2025","Q1","January","P001","Ukraine Health+ Response","Ukraine","Kyiv","Kyiv Base","D010","Own Funds","G-OWNF-P001-2025","BL007","Health Services","Primary health service support","63963","62684","26954","6268","41998","EUR","Health service support","Health","In-kind","2063","1547","526","418","325","278","Complete","Complete","On time","Low","Compliant","Synthetic anonymised portfolio record","N/A","0","0","0","N/A","Kyiv Base","N/A","Low"
"TXN-SYN-0398","2025-02-19","2025","Q1","February","P002","Ukraine Winter CVA","Ukraine","Lviv","Lviv Branch","D001","ECHO","G-ECHO-P002-2025","BL008","Logistics & Transport","Vehicle rental and fuel","65342","64689","28463","7116","45282","EUR","Cash assistance payment","CVA","Cash","2082","1582","538","427","332","285","Partial","In progress","On time","Medium","Review","Synthetic anonymised portfolio record","Cycle 3","170","344","58480","Pending","Lviv Branch","Prepaid card","Medium"
"TXN-SYN-0399","2025-03-22","2025","Q1","March","P003","Poland Refugee CVA","Poland","Warsaw","Warsaw Branch","D002","BMZ","G-BMZ-P003-2025","BL009","Training & Capacity Building","Branch and partner training","66721","66721","30024","8007","48706","EUR","Cash assistance payment","CVA","Cash","2101","1618","550","437","340","291","Missing","Gap identified","Late","High","Review","Synthetic anonymised portfolio record","Cycle 4","185","352","65120","Completed","Warsaw Branch","Mobile money","High"
"TXN-SYN-0400","2025-04-01","2025","Q2","April","P004","Sudan Food Security & WASH","Sudan","Port Sudan","Port Sudan Base","D003","GFFO","G-GFFO-P004-2025","BL010","Monitoring & Evaluation","PDM and field monitoring","68100","68781","31639","8942","52274","EUR","WASH service delivery","WASH","Service delivery","2120","1654","562","447","347","298","Complete","Complete","On time","Low","Compliant","Synthetic anonymised portfolio record","N/A","0","0","0","N/A","Port Sudan Base","N/A","Low"
"TXN-SYN-0401","2025-05-04","2025","Q2","May","P005","Venezuela-Colombia Multi-Donor Response","Venezuela/Colombia","Bogota","Bogota Office","D004","UNICEF","G-UNIC-P005-2025","BL011","Administration","Office running costs","69479","70869","33308","9922","55986","USD","Programme operations","Multi-sector","Service delivery","0","0","0","0","0","0","Complete","Complete","On time","Low","Compliant","Synthetic anonymised portfolio record","N/A","0","0","0","N/A","Bogota Office","N/A","Low"
"TXN-SYN-0402","2025-06-07","2025","Q2","June","P006","Syria Health Mission Support","Syria","Damascus","Damascus Mission Office","D005","USAID","G-USAI-P006-2025","BL012","Audit & Compliance","External audit and compliance checks","70858","72984","35032","10948","59847","USD","Health service support","Health","Support","2158","1726","587","466","362","311","Complete","In progress","On time","Medium","Review","Synthetic anonymised portfolio record","N/A","0","0","0","N/A","Damascus Mission Office","N/A","Medium"
"TXN-SYN-0403","2025-07-10","2025","Q3","July","P001","Ukraine Health+ Response","Ukraine","Kyiv","Kyiv Base","D006","AECID","G-AECI-P001-2025","BL014","Indirect Costs","Indirect cost recovery","72237","75126","36812","2254","54091","EUR","Health service support","Health","In-kind","2177","1763","599","476","370","318","Partial","Gap identified","Late","High","Review","Synthetic anonymised portfolio record","N/A","0","0","0","N/A","Kyiv Base","N/A","High"
"TXN-SYN-0404","2025-08-13","2025","Q3","August","P002","Ukraine Winter CVA","Ukraine","Lviv","Lviv Branch","D007","EU Delegation","G-EUDE-P002-2025","BL001","Human Resources","National staff salaries","73616","77297","38649","3092","57973","EUR","Cash assistance payment","CVA","Cash","2196","1801","612","486","378","325","Missing","Complete","On time","High","Review","Synthetic anonymised portfolio record","Cycle 1","140","392","54880","Pending","Lviv Branch","Prepaid card","High"
"TXN-SYN-0405","2025-09-16","2025","Q3","September","P003","Poland Refugee CVA","Poland","Warsaw","Warsaw Branch","D008","Red Cross Movement","G-REDC-P003-2025","BL003","Programme Supplies","Medical and programme supplies","74995","72745","37100","3637","56741","CHF","Cash assistance payment","CVA","Cash","2215","1838","625","496","386","331","Complete","Complete","On time","Low","Compliant","Synthetic anonymised portfolio record","Cycle 2","155","400","62000","Completed","Warsaw Branch","Mobile money","Low"
"TXN-SYN-0406","2025-10-19","2025","Q4","October","P004","Sudan Food Security & WASH","Sudan","Port Sudan","Port Sudan Base","D009","Private Foundation","G-PRIV-P004-2025","BL004","CVA Transfers","Unconditional cash transfers","76374","74847","38920","4491","60626","USD","Cash assistance payment","WASH","Service delivery","2234","1877","638","507","394","338","Complete","In progress","On time","Medium","Review","Synthetic anonymised portfolio record","Cycle 3","170","408","69360","In progress","Port Sudan Base","Prepaid card","Medium"
"TXN-SYN-0407","2025-11-22","2025","Q4","November","P005","Venezuela-Colombia Multi-Donor Response","Venezuela/Colombia","Bogota","Bogota Office","D010","Own Funds","G-OWNF-P005-2025","BL005","CVA Transfers","Winter cash top-up","77753","76975","40797","5388","64659","EUR","Cash assistance payment","Multi-sector","Service delivery","0","0","0","0","0","0","Complete","Gap identified","Late","High","Review","Synthetic anonymised portfolio record","Cycle 4","185","0","0","Pending","Bogota Office","Mobile money","High"
"TXN-SYN-0408","2025-12-01","2025","Q4","December","P006","Syria Health Mission Support","Syria","Damascus","Damascus Mission Office","D001","ECHO","G-ECHO-P006-2025","BL006","WASH Infrastructure","Water point rehabilitation","79132","79132","42731","6331","55393","EUR","Health service support","Health","Support","2272","1954","664","528","410","352","Partial","Complete","On time","Low","Review","Synthetic anonymised portfolio record","N/A","0","0","0","N/A","Damascus Mission Office","N/A","Low"
"TXN-SYN-0409","2025-01-04","2025","Q1","January","P001","Ukraine Health+ Response","Ukraine","Kyiv","Kyiv Base","D002","BMZ","G-BMZ-P001-2025","BL007","Health Services","Primary health service support","80511","81316","44724","7318","59360","EUR","Health service support","Health","In-kind","2291","1993","678","538","419","358","Missing","Complete","On time","High","Review","Synthetic anonymised portfolio record","N/A","0","0","0","N/A","Kyiv Base","N/A","High"
"TXN-SYN-0410","2025-02-07","2025","Q1","February","P002","Ukraine Winter CVA","Ukraine","Lviv","Lviv Branch","D003","GFFO","G-GFFO-P002-2025","BL008","Logistics & Transport","Vehicle rental and fuel","81890","83528","46776","8353","63482","EUR","Cash assistance payment","CVA","Cash","2310","2033","691","549","427","366","Complete","In progress","On time","Medium","Review","Synthetic anonymised portfolio record","Cycle 3","110","442","48620","Pending","Lviv Branch","Prepaid card","Medium"
"TXN-SYN-0411","2025-03-10","2025","Q1","March","P003","Poland Refugee CVA","Poland","Warsaw","Warsaw Branch","D004","UNICEF","G-UNIC-P003-2025","BL009","Training & Capacity Building","Branch and partner training","83269","85767","48887","9434","67755","USD","Cash assistance payment","CVA","Cash","2329","2073","705","560","435","373","Complete","Gap identified","Late","High","Review","Synthetic anonymised portfolio record","Cycle 4","125","451","56375","Completed","Warsaw Branch","Mobile money","High"
"TXN-SYN-0412","2025-04-13","2025","Q2","April","P004","Sudan Food Security & WASH","Sudan","Port Sudan","Port Sudan Base","D005","USAID","G-USAI-P004-2025","BL010","Monitoring & Evaluation","PDM and field monitoring","84648","88034","51060","10564","72188","USD","WASH service delivery","WASH","Service delivery","2348","2113","718","571","444","380","Complete","Complete","On time","Low","Compliant","Synthetic anonymised portfolio record","N/A","0","0","0","N/A","Port Sudan Base","N/A","Low"
"TXN-SYN-0413","2025-05-16","2025","Q2","May","P005","Venezuela-Colombia Multi-Donor Response","Venezuela/Colombia","Bogota","Bogota Office","D006","AECID","G-AECI-P005-2025","BL011","Administration","Office running costs","86027","90328","53294","11743","76780","EUR","Programme operations","Multi-sector","Service delivery","0","0","0","0","0","0","Partial","Complete","On time","Low","Review","Synthetic anonymised portfolio record","N/A","0","0","0","N/A","Bogota Office","N/A","Low"
"TXN-SYN-0414","2025-06-19","2025","Q2","June","P006","Syria Health Mission Support","Syria","Damascus","Damascus Mission Office","D007","EU Delegation","G-EUDE-P006-2025","BL012","Audit & Compliance","External audit and compliance checks","87406","84784","50870","11870","74610","EUR","Health service support","Health","Support","2386","2195","746","593","461","395","Missing","In progress","On time","High","Review","Synthetic anonymised portfolio record","N/A","0","0","0","N/A","Damascus Mission Office","N/A","High"
"TXN-SYN-0415","2025-07-22","2025","Q3","July","P001","Ukraine Health+ Response","Ukraine","Kyiv","Kyiv Base","D008","Red Cross Movement","G-REDC-P001-2025","BL014","Indirect Costs","Indirect cost recovery","88785","87009","53075","13051","79177","CHF","Health service support","Health","In-kind","2405","2237","761","604","470","402","Complete","Gap identified","Late","High","Review","Synthetic anonymised portfolio record","N/A","0","0","0","N/A","Kyiv Base","N/A","High"
"TXN-SYN-0416","2025-08-01","2025","Q3","August","P002","Ukraine Winter CVA","Ukraine","Lviv","Lviv Branch","D009","Private Foundation","G-PRIV-P002-2025","BL001","Human Resources","National staff salaries","90164","89262","55342","2678","72302","USD","Cash assistance payment","CVA","Cash","2424","2279","775","615","479","410","Complete","Complete","On time","Low","Compliant","Synthetic anonymised portfolio record","Cycle 1","80","495","39600","Pending","Lviv Branch","Prepaid card","Low"
"TXN-SYN-0417","2025-09-04","2025","Q3","September","P003","Poland Refugee CVA","Poland","Warsaw","Warsaw Branch","D010","Own Funds","G-OWNF-P003-2025","BL003","Programme Supplies","Medical and programme supplies","9543","9543","6012","382","8016","EUR","Cash assistance payment","CVA","Cash","2443","2321","789","627","487","418","Complete","Complete","On time","Low","Compliant","Synthetic anonymised portfolio record","Cycle 2","95","505","47975","Completed","Warsaw Branch","Mobile money","Low"
"TXN-SYN-0418","2025-10-07","2025","Q4","October","P004","Sudan Food Security & WASH","Sudan","Port Sudan","Port Sudan Base","D001","ECHO","G-ECHO-P004-2025","BL004","CVA Transfers","Unconditional cash transfers","10922","11031","7060","552","9598","EUR","Cash assistance payment","WASH","Service delivery","2462","1428","486","386","300","256","Partial","In progress","On time","Medium","Review","Synthetic anonymised portfolio record","Cycle 3","110","310","34100","In progress","Port Sudan Base","Prepaid card","Medium"
"TXN-SYN-0419","2025-11-10","2025","Q4","November","P005","Venezuela-Colombia Multi-Donor Response","Venezuela/Colombia","Bogota","Bogota Office","D002","BMZ","G-BMZ-P005-2025","BL005","CVA Transfers","Winter cash top-up","12301","12547","8156","753","11293","EUR","Cash assistance payment","Multi-sector","Service delivery","0","0","0","0","0","0","Missing","Gap identified","Late","High","Review","Synthetic anonymised portfolio record","Cycle 4","125","0","0","Pending","Bogota Office","Mobile money","High"
"TXN-SYN-0420","2025-12-13","2025","Q4","December","P006","Syria Health Mission Support","Syria","Damascus","Damascus Mission Office","D003","GFFO","G-GFFO-P006-2025","BL006","WASH Infrastructure","Water point rehabilitation","13680","14090","9299","986","13103","EUR","Health service support","Health","Support","2500","1500","510","405","315","270","Complete","Complete","On time","Low","Compliant","Synthetic anonymised portfolio record","N/A","0","0","0","N/A","Damascus Mission Office","N/A","Low"
"TXN-SYN-0421","2025-01-16","2025","Q1","January","P001","Ukraine Health+ Response","Ukraine","Kyiv","Kyiv Base","D004","UNICEF","G-UNIC-P001-2025","BL007","Health Services","Primary health service support","15059","15661","10493","1253","15035","USD","Health service support","Health","In-kind","2519","1537","523","415","323","276","Complete","Complete","On time","Low","Compliant","Synthetic anonymised portfolio record","N/A","0","0","0","N/A","Kyiv Base","N/A","Low"
"TXN-SYN-0422","2025-02-19","2025","Q1","February","P002","Ukraine Winter CVA","Ukraine","Lviv","Lviv Branch","D005","USAID","G-USAI-P002-2025","BL008","Logistics & Transport","Vehicle rental and fuel","16438","17260","11737","1553","17087","USD","Cash assistance payment","CVA","Cash","2538","1574","535","425","331","283","Complete","In progress","On time","Medium","Review","Synthetic anonymised portfolio record","Cycle 3","170","342","58140","Pending","Lviv Branch","Prepaid card","Medium"
"TXN-SYN-0423","2025-03-22","2025","Q1","March","P003","Poland Refugee CVA","Poland","Warsaw","Warsaw Branch","D006","AECID","G-AECI-P003-2025","BL009","Training & Capacity Building","Branch and partner training","17817","17282","11925","1728","17628","EUR","Cash assistance payment","CVA","Cash","2557","1611","548","435","338","290","Partial","Gap identified","Late","High","Review","Synthetic anonymised portfolio record","Cycle 4","185","350","64750","Completed","Warsaw Branch","Mobile money","High"
"TXN-SYN-0424","2025-04-01","2025","Q2","April","P004","Sudan Food Security & WASH","Sudan","Port Sudan","Port Sudan Base","D007","EU Delegation","G-EUDE-P004-2025","BL010","Monitoring & Evaluation","PDM and field monitoring","19196","18812","13168","2069","19752","EUR","WASH service delivery","WASH","Service delivery","2576","1649","561","445","346","297","Missing","Complete","On time","High","Review","Synthetic anonymised portfolio record","N/A","0","0","0","N/A","Port Sudan Base","N/A","High"
"TXN-SYN-0425","2025-05-04","2025","Q2","May","P005","Venezuela-Colombia Multi-Donor Response","Venezuela/Colombia","Bogota","Bogota Office","D008","Red Cross Movement","G-REDC-P005-2025","BL011","Administration","Office running costs","20575","20369","14462","2444","18536","CHF","Programme operations","Multi-sector","Service delivery","0","0","0","0","0","0","Complete","Complete","On time","Low","Compliant","Synthetic anonymised portfolio record","N/A","0","0","0","N/A","Bogota Office","N/A","Low"
"TXN-SYN-0426","2025-06-07","2025","Q2","June","P006","Syria Health Mission Support","Syria","Damascus","Damascus Mission Office","D009","Private Foundation","G-PRIV-P006-2025","BL012","Audit & Compliance","External audit and compliance checks","21954","21954","15807","2854","20637","USD","Health service support","Health","Support","2614","1725","587","466","362","310","Complete","In progress","On time","Medium","Review","Synthetic anonymised portfolio record","N/A","0","0","0","N/A","Damascus Mission Office","N/A","Medium"
"TXN-SYN-0427","2025-07-10","2025","Q3","July","P001","Ukraine Health+ Response","Ukraine","Kyiv","Kyiv Base","D010","Own Funds","G-OWNF-P001-2025","BL014","Indirect Costs","Indirect cost recovery","23333","23566","17203","3299","22859","EUR","Health service support","Health","In-kind","2633","1764","600","476","370","318","Complete","Gap identified","Late","High","Review","Synthetic anonymised portfolio record","N/A","0","0","0","N/A","Kyiv Base","N/A","High"
"TXN-SYN-0428","2025-08-13","2025","Q3","August","P002","Ukraine Winter CVA","Ukraine","Lviv","Lviv Branch","D001","ECHO","G-ECHO-P002-2025","BL001","Human Resources","National staff salaries","24712","25206","18652","3781","25206","EUR","Cash assistance payment","CVA","Cash","2652","1803","613","487","379","324","Partial","Complete","On time","Low","Review","Synthetic anonymised portfolio record","Cycle 1","140","392","54880","Pending","Lviv Branch","Prepaid card","Low"
"TXN-SYN-0429","2025-09-16","2025","Q3","September","P003","Poland Refugee CVA","Poland","Warsaw","Warsaw Branch","D002","BMZ","G-BMZ-P003-2025","BL003","Programme Supplies","Medical and programme supplies","26091","26874","20156","806","24187","EUR","Cash assistance payment","CVA","Cash","2671","1843","627","498","387","331","Missing","Complete","On time","High","Review","Synthetic anonymised portfolio record","Cycle 2","155","401","62155","Completed","Warsaw Branch","Mobile money","High"
"TXN-SYN-0430","2025-10-19","2025","Q4","October","P004","Sudan Food Security & WASH","Sudan","Port Sudan","Port Sudan Base","D003","GFFO","G-GFFO-P004-2025","BL004","CVA Transfers","Unconditional cash transfers","27470","28569","21712","1143","26569","EUR","Cash assistance payment","WASH","Service delivery","2690","1883","640","508","395","340","Complete","In progress","On time","Medium","Review","Synthetic anonymised portfolio record","Cycle 3","170","409","69530","In progress","Port Sudan Base","Prepaid card","Medium"
"TXN-SYN-0431","2025-11-22","2025","Q4","November","P005","Venezuela-Colombia Multi-Donor Response","Venezuela/Colombia","Bogota","Bogota Office","D004","UNICEF","G-UNIC-P005-2025","BL005","CVA Transfers","Winter cash top-up","28849","30291","23324","1515","29080","USD","Cash assistance payment","Multi-sector","Service delivery","0","0","0","0","0","0","Complete","Gap identified","Late","High","Review","Synthetic anonymised portfolio record","Cycle 4","185","0","0","Pending","Bogota Office","Mobile money","High"
"TXN-SYN-0432","2025-12-01","2025","Q4","December","P006","Syria Health Mission Support","Syria","Damascus","Damascus Mission Office","D005","USAID","G-USAI-P006-2025","BL006","WASH Infrastructure","Water point rehabilitation","30228","29321","22870","1759","29027","USD","Health service support","Health","Support","2728","1964","668","530","412","354","Complete","Complete","On time","Low","Compliant","Synthetic anonymised portfolio record","N/A","0","0","0","N/A","Damascus Mission Office","N/A","Low"
"TXN-SYN-0433","2026-01-04","2026","Q1","January","P001","Ukraine Health+ Response","Ukraine","Kyiv","Kyiv Base","D006","AECID","G-AECI-P001-2026","BL007","Health Services","Primary health service support","31607","30975","24470","2168","31594","EUR","Health service support","Health","In-kind","2747","2005","682","541","421","361","Partial","Complete","On time","Low","Review","Synthetic anonymised portfolio record","N/A","0","0","0","N/A","Kyiv Base","N/A","Low"
"TXN-SYN-0434","2026-02-07","2026","Q1","February","P002","Ukraine Winter CVA","Ukraine","Lviv","Lviv Branch","D007","EU Delegation","G-EUDE-P002-2026","BL008","Logistics & Transport","Vehicle rental and fuel","32986","32656","5878","2612","14042","EUR","Cash assistance payment","CVA","Cash","2766","2047","696","553","430","368","Missing","In progress","On time","High","Review","Synthetic anonymised portfolio record","Cycle 3","110","445","48950","Pending","Lviv Branch","Prepaid card","High"
"TXN-SYN-0435","2026-03-10","2026","Q1","March","P003","Poland Refugee CVA","Poland","Warsaw","Warsaw Branch","D008","Red Cross Movement","G-REDC-P003-2026","BL009","Training & Capacity Building","Branch and partner training","34365","34365","6529","3093","15808","CHF","Cash assistance payment","CVA","Cash","2785","2089","710","564","439","376","Complete","Gap identified","Late","High","Review","Synthetic anonymised portfolio record","Cycle 4","125","454","56750","Completed","Warsaw Branch","Mobile money","High"
"TXN-SYN-0436","2026-04-13","2026","Q2","April","P004","Sudan Food Security & WASH","Sudan","Port Sudan","Port Sudan Base","D009","Private Foundation","G-PRIV-P004-2026","BL010","Monitoring & Evaluation","PDM and field monitoring","35744","36101","7220","3610","17689","USD","WASH service delivery","WASH","Service delivery","2804","2131","725","575","448","383","Complete","Complete","On time","Low","Compliant","Synthetic anonymised portfolio record","N/A","0","0","0","N/A","Port Sudan Base","N/A","Low"
"TXN-SYN-0437","2026-05-16","2026","Q2","May","P005","Venezuela-Colombia Multi-Donor Response","Venezuela/Colombia","Bogota","Bogota Office","D010","Own Funds","G-OWNF-P005-2026","BL011","Administration","Office running costs","37123","37865","7952","4165","19690","EUR","Programme operations","Multi-sector","Service delivery","0","0","0","0","0","0","Complete","Complete","On time","Low","Compliant","Synthetic anonymised portfolio record","N/A","0","0","0","N/A","Bogota Office","N/A","Low"
"TXN-SYN-0438","2026-06-19","2026","Q2","June","P006","Syria Health Mission Support","Syria","Damascus","Damascus Mission Office","D001","ECHO","G-ECHO-P006-2026","BL012","Audit & Compliance","External audit and compliance checks","38502","39657","8725","4759","21812","EUR","Health service support","Health","Support","2842","2217","754","599","466","398","Partial","In progress","On time","Medium","Review","Synthetic anonymised portfolio record","N/A","0","0","0","N/A","Damascus Mission Office","N/A","Medium"
"TXN-SYN-0439","2026-07-22","2026","Q3","July","P001","Ukraine Health+ Response","Ukraine","Kyiv","Kyiv Base","D002","BMZ","G-BMZ-P001-2026","BL014","Indirect Costs","Indirect cost recovery","39881","41476","9539","5392","24056","EUR","Health service support","Health","In-kind","2861","2260","768","610","475","407","Missing","Gap identified","Late","High","Review","Synthetic anonymised portfolio record","N/A","0","0","0","N/A","Kyiv Base","N/A","High"
"TXN-SYN-0440","2026-08-01","2026","Q3","August","P002","Ukraine Winter CVA","Ukraine","Lviv","Lviv Branch","D003","GFFO","G-GFFO-P002-2026","BL001","Human Resources","National staff salaries","41260","43323","10398","6065","26427","EUR","Cash assistance payment","CVA","Cash","2880","2304","783","622","484","415","Complete","Complete","On time","Low","Compliant","Synthetic anonymised portfolio record","Cycle 1","80","501","40080","Pending","Lviv Branch","Prepaid card","Low"
"TXN-SYN-0441","2026-09-04","2026","Q3","September","P003","Poland Refugee CVA","Poland","Warsaw","Warsaw Branch","D004","UNICEF","G-UNIC-P003-2026","BL003","Programme Supplies","Medical and programme supplies","42639","41360","10340","6204","26470","USD","Cash assistance payment","CVA","Cash","2899","2348","798","634","493","423","Complete","Complete","On time","Low","Compliant","Synthetic anonymised portfolio record","Cycle 2","95","510","48450","Completed","Warsaw Branch","Mobile money","Low"
"TXN-SYN-0442","2026-10-07","2026","Q4","October","P004","Sudan Food Security & WASH","Sudan","Port Sudan","Port Sudan Base","D005","USAID","G-USAI-P004-2026","BL004","CVA Transfers","Unconditional cash transfers","44018","43138","11216","1294","15961","USD","Cash assistance payment","WASH","Service delivery","2918","2393","814","646","503","430","Complete","In progress","On time","Medium","Review","Synthetic anonymised portfolio record","Cycle 3","110","520","57200","In progress","Port Sudan Base","Prepaid card","Medium"
"TXN-SYN-0443","2026-11-10","2026","Q4","November","P005","Venezuela-Colombia Multi-Donor Response","Venezuela/Colombia","Bogota","Bogota Office","D006","AECID","G-AECI-P005-2026","BL005","CVA Transfers","Winter cash top-up","45397","44943","12135","1798","17978","EUR","Cash assistance payment","Multi-sector","Service delivery","0","0","0","0","0","0","Partial","Gap identified","Late","High","Review","Synthetic anonymised portfolio record","Cycle 4","125","0","0","Pending","Bogota Office","Mobile money","High"
"TXN-SYN-0444","2026-12-13","2026","Q4","December","P006","Syria Health Mission Support","Syria","Damascus","Damascus Mission Office","D007","EU Delegation","G-EUDE-P006-2026","BL006","WASH Infrastructure","Water point rehabilitation","46776","46776","13097","2339","20114","EUR","Health service support","Health","Support","156","131","45","35","28","23","Missing","Complete","On time","High","Review","Synthetic anonymised portfolio record","N/A","0","0","0","N/A","Damascus Mission Office","N/A","High"
"TXN-SYN-0445","2026-01-16","2026","Q1","January","P001","Ukraine Health+ Response","Ukraine","Kyiv","Kyiv Base","D008","Red Cross Movement","G-REDC-P001-2026","BL007","Health Services","Primary health service support","48155","48637","14105","2918","22373","CHF","Health service support","Health","In-kind","175","149","51","40","31","27","Complete","Complete","On time","Low","Compliant","Synthetic anonymised portfolio record","N/A","0","0","0","N/A","Kyiv Base","N/A","Low"
"TXN-SYN-0446","2026-02-19","2026","Q1","February","P002","Ukraine Winter CVA","Ukraine","Lviv","Lviv Branch","D009","Private Foundation","G-PRIV-P002-2026","BL008","Logistics & Transport","Vehicle rental and fuel","49534","50525","15158","3537","24758","USD","Cash assistance payment","CVA","Cash","194","167","57","45","35","30","Complete","In progress","On time","Medium","Review","Synthetic anonymised portfolio record","Cycle 3","170","36","6120","Pending","Lviv Branch","Prepaid card","Medium"
"TXN-SYN-0447","2026-03-22","2026","Q1","March","P003","Poland Refugee CVA","Poland","Warsaw","Warsaw Branch","D010","Own Funds","G-OWNF-P003-2026","BL009","Training & Capacity Building","Branch and partner training","50913","52440","16256","4195","27268","EUR","Cash assistance payment","CVA","Cash","213","185","63","50","39","33","Complete","Gap identified","Late","High","Review","Synthetic anonymised portfolio record","Cycle 4","185","40","7400","Completed","Warsaw Branch","Mobile money","High"
"TXN-SYN-0448","2026-04-01","2026","Q2","April","P004","Sudan Food Security & WASH","Sudan","Port Sudan","Port Sudan Base","D001","ECHO","G-ECHO-P004-2026","BL010","Monitoring & Evaluation","PDM and field monitoring","52292","54384","17403","4895","29912","EUR","WASH service delivery","WASH","Service delivery","232","204","69","55","43","37","Partial","Complete","On time","Low","Review","Synthetic anonymised portfolio record","N/A","0","0","0","N/A","Port Sudan Base","N/A","Low"
"TXN-SYN-0449","2026-05-04","2026","Q2","May","P005","Venezuela-Colombia Multi-Donor Response","Venezuela/Colombia","Bogota","Bogota Office","D002","BMZ","G-BMZ-P005-2026","BL011","Administration","Office running costs","53671","56355","18597","5636","32686","EUR","Programme operations","Multi-sector","Service delivery","0","0","0","0","0","0","Missing","Complete","On time","High","Review","Synthetic anonymised portfolio record","N/A","0","0","0","N/A","Bogota Office","N/A","High"
"TXN-SYN-0450","2026-06-07","2026","Q2","June","P006","Syria Health Mission Support","Syria","Damascus","Damascus Mission Office","D003","GFFO","G-GFFO-P006-2026","BL012","Audit & Compliance","External audit and compliance checks","55050","53399","18156","5874","32574","EUR","Health service support","Health","Support","270","243","83","66","51","43","Complete","In progress","On time","Medium","Review","Synthetic anonymised portfolio record","N/A","0","0","0","N/A","Damascus Mission Office","N/A","Medium"
"TXN-SYN-0451","2026-07-10","2026","Q3","July","P001","Ukraine Health+ Response","Ukraine","Kyiv","Kyiv Base","D004","UNICEF","G-UNIC-P001-2026","BL014","Indirect Costs","Indirect cost recovery","56429","55300","19355","6636","35392","USD","Health service support","Health","In-kind","289","263","89","71","55","48","Complete","Gap identified","Late","High","Review","Synthetic anonymised portfolio record","N/A","0","0","0","N/A","Kyiv Base","N/A","High"
"TXN-SYN-0452","2026-08-13","2026","Q3","August","P002","Ukraine Winter CVA","Ukraine","Lviv","Lviv Branch","D005","USAID","G-USAI-P002-2026","BL001","Human Resources","National staff salaries","57808","57230","20603","7440","38344","USD","Cash assistance payment","CVA","Cash","308","283","96","76","59","52","Complete","Complete","On time","Low","Compliant","Synthetic anonymised portfolio record","Cycle 1","140","62","8680","Pending","Lviv Branch","Prepaid card","Low"
"TXN-SYN-0453","2026-09-16","2026","Q3","September","P003","Poland Refugee CVA","Poland","Warsaw","Warsaw Branch","D006","AECID","G-AECI-P003-2026","BL003","Programme Supplies","Medical and programme supplies","59187","59187","21899","8286","41431","EUR","Cash assistance payment","CVA","Cash","327","304","103","82","64","55","Partial","Complete","On time","Low","Review","Synthetic anonymised portfolio record","Cycle 2","155","66","10230","Completed","Warsaw Branch","Mobile money","Low"
"TXN-SYN-0454","2026-10-19","2026","Q4","October","P004","Sudan Food Security & WASH","Sudan","Port Sudan","Port Sudan Base","D007","EU Delegation","G-EUDE-P004-2026","BL004","CVA Transfers","Unconditional cash transfers","60566","61172","23245","9176","44655","EUR","Cash assistance payment","WASH","Service delivery","346","325","111","88","68","58","Missing","In progress","On time","High","Review","Synthetic anonymised portfolio record","Cycle 3","170","71","12070","In progress","Port Sudan Base","Prepaid card","High"
"TXN-SYN-0455","2026-11-22","2026","Q4","November","P005","Venezuela-Colombia Multi-Donor Response","Venezuela/Colombia","Bogota","Bogota Office","D008","Red Cross Movement","G-REDC-P005-2026","BL005","CVA Transfers","Winter cash top-up","61945","63184","24642","1896","39807","CHF","Cash assistance payment","Multi-sector","Service delivery","0","0","0","0","0","0","Complete","Gap identified","Late","High","Review","Synthetic anonymised portfolio record","Cycle 4","185","0","0","Pending","Bogota Office","Mobile money","High"
"TXN-SYN-0456","2026-12-01","2026","Q4","December","P006","Syria Health Mission Support","Syria","Damascus","Damascus Mission Office","D009","Private Foundation","G-PRIV-P006-2026","BL006","WASH Infrastructure","Water point rehabilitation","63324","65224","26090","2609","43048","USD","Health service support","Health","Support","384","223","76","60","47","40","Complete","Complete","On time","Low","Compliant","Synthetic anonymised portfolio record","N/A","0","0","0","N/A","Damascus Mission Office","N/A","Low"
"TXN-SYN-0457","2026-01-04","2026","Q1","January","P001","Ukraine Health+ Response","Ukraine","Kyiv","Kyiv Base","D010","Own Funds","G-OWNF-P001-2026","BL007","Health Services","Primary health service support","64703","67291","27589","3365","46431","EUR","Health service support","Health","In-kind","403","238","81","64","50","43","Complete","Complete","On time","Low","Compliant","Synthetic anonymised portfolio record","N/A","0","0","0","N/A","Kyiv Base","N/A","Low"
"TXN-SYN-0458","2026-02-07","2026","Q1","February","P002","Ukraine Winter CVA","Ukraine","Lviv","Lviv Branch","D001","ECHO","G-ECHO-P002-2026","BL008","Logistics & Transport","Vehicle rental and fuel","66082","69386","29142","4163","49958","EUR","Cash assistance payment","CVA","Cash","422","253","86","68","53","46","Partial","In progress","On time","Medium","Review","Synthetic anonymised portfolio record","Cycle 3","110","55","6050","Pending","Lviv Branch","Prepaid card","Medium"
"TXN-SYN-0459","2026-03-10","2026","Q1","March","P003","Poland Refugee CVA","Poland","Warsaw","Warsaw Branch","D002","BMZ","G-BMZ-P003-2026","BL009","Training & Capacity Building","Branch and partner training","67461","65437","28138","4581","37954","EUR","Cash assistance payment","CVA","Cash","441","269","91","73","56","49","Missing","Gap identified","Late","High","Review","Synthetic anonymised portfolio record","Cycle 4","125","58","7250","Completed","Warsaw Branch","Mobile money","High"
"TXN-SYN-0460","2026-04-13","2026","Q2","April","P004","Sudan Food Security & WASH","Sudan","Port Sudan","Port Sudan Base","D003","GFFO","G-GFFO-P004-2026","BL010","Monitoring & Evaluation","PDM and field monitoring","68840","67463","29684","5397","41153","EUR","WASH service delivery","WASH","Service delivery","460","285","97","77","60","51","Complete","Complete","On time","Low","Compliant","Synthetic anonymised portfolio record","N/A","0","0","0","N/A","Port Sudan Base","N/A","Low"
"TXN-SYN-0461","2026-05-16","2026","Q2","May","P005","Venezuela-Colombia Multi-Donor Response","Venezuela/Colombia","Bogota","Bogota Office","D004","UNICEF","G-UNIC-P005-2026","BL011","Administration","Office running costs","70219","69517","31283","6257","44492","USD","Programme operations","Multi-sector","Service delivery","0","0","0","0","0","0","Complete","Complete","On time","Low","Compliant","Synthetic anonymised portfolio record","N/A","0","0","0","N/A","Bogota Office","N/A","Low"
"TXN-SYN-0462","2026-06-19","2026","Q2","June","P006","Syria Health Mission Support","Syria","Damascus","Damascus Mission Office","D005","USAID","G-USAI-P006-2026","BL012","Audit & Compliance","External audit and compliance checks","71598","71598","32935","7160","47971","USD","Health service support","Health","Support","498","319","108","86","67","58","Complete","In progress","On time","Medium","Review","Synthetic anonymised portfolio record","N/A","0","0","0","N/A","Damascus Mission Office","N/A","Medium"
"TXN-SYN-0463","2026-07-22","2026","Q3","July","P001","Ukraine Health+ Response","Ukraine","Kyiv","Kyiv Base","D006","AECID","G-AECI-P001-2026","BL014","Indirect Costs","Indirect cost recovery","72977","73707","34642","8108","51595","EUR","Health service support","Health","In-kind","517","336","114","91","71","60","Partial","Gap identified","Late","High","Review","Synthetic anonymised portfolio record","N/A","0","0","0","N/A","Kyiv Base","N/A","High"
"TXN-SYN-0464","2026-08-01","2026","Q3","August","P002","Ukraine Winter CVA","Ukraine","Lviv","Lviv Branch","D007","EU Delegation","G-EUDE-P002-2026","BL001","Human Resources","National staff salaries","74356","75843","36405","9101","55366","EUR","Cash assistance payment","CVA","Cash","536","354","120","96","74","64","Missing","Complete","On time","High","Review","Synthetic anonymised portfolio record","Cycle 1","80","77","6160","Pending","Lviv Branch","Prepaid card","High"
"TXN-SYN-0465","2026-09-04","2026","Q3","September","P003","Poland Refugee CVA","Poland","Warsaw","Warsaw Branch","D008","Red Cross Movement","G-REDC-P003-2026","BL003","Programme Supplies","Medical and programme supplies","75735","78007","38223","10141","59285","CHF","Cash assistance payment","CVA","Cash","555","372","126","100","78","68","Complete","Complete","On time","Low","Compliant","Synthetic anonymised portfolio record","Cycle 2","95","81","7695","Completed","Warsaw Branch","Mobile money","Low"
"TXN-SYN-0466","2026-10-07","2026","Q4","October","P004","Sudan Food Security & WASH","Sudan","Port Sudan","Port Sudan Base","D009","Private Foundation","G-PRIV-P004-2026","BL004","CVA Transfers","Unconditional cash transfers","77114","80199","40100","11228","63358","USD","Cash assistance payment","WASH","Service delivery","574","390","133","105","82","70","Complete","In progress","On time","Medium","Review","Synthetic anonymised portfolio record","Cycle 3","110","85","9350","In progress","Port Sudan Base","Prepaid card","Medium"
"TXN-SYN-0467","2026-11-10","2026","Q4","November","P005","Venezuela-Colombia Multi-Donor Response","Venezuela/Colombia","Bogota","Bogota Office","D010","Own Funds","G-OWNF-P005-2026","BL005","CVA Transfers","Winter cash top-up","78493","82418","42033","12363","67583","EUR","Cash assistance payment","Multi-sector","Service delivery","0","0","0","0","0","0","Complete","Gap identified","Late","High","Review","Synthetic anonymised portfolio record","Cycle 4","125","0","0","Pending","Bogota Office","Mobile money","High"
"TXN-SYN-0468","2026-12-13","2026","Q4","December","P006","Syria Health Mission Support","Syria","Damascus","Damascus Mission Office","D001","ECHO","G-ECHO-P006-2026","BL006","WASH Infrastructure","Water point rehabilitation","79872","77476","40288","2324","55783","EUR","Health service support","Health","Support","612","428","146","116","90","76","Partial","Complete","On time","Low","Review","Synthetic anonymised portfolio record","N/A","0","0","0","N/A","Damascus Mission Office","N/A","Low"
"TXN-SYN-0469","2026-01-16","2026","Q1","January","P001","Ukraine Health+ Response","Ukraine","Kyiv","Kyiv Base","D002","BMZ","G-BMZ-P001-2026","BL007","Health Services","Primary health service support","81251","79626","42202","3185","59720","EUR","Health service support","Health","In-kind","631","448","152","121","94","81","Missing","Complete","On time","High","Review","Synthetic anonymised portfolio record","N/A","0","0","0","N/A","Kyiv Base","N/A","High"
"TXN-SYN-0470","2026-02-19","2026","Q1","February","P002","Ukraine Winter CVA","Ukraine","Lviv","Lviv Branch","D003","GFFO","G-GFFO-P002-2026","BL008","Logistics & Transport","Vehicle rental and fuel","82630","81804","44174","4090","63807","EUR","Cash assistance payment","CVA","Cash","650","468","159","126","98","85","Complete","In progress","On time","Medium","Review","Synthetic anonymised portfolio record","Cycle 3","170","102","17340","Pending","Lviv Branch","Prepaid card","Medium"
"TXN-SYN-0471","2026-03-22","2026","Q1","March","P003","Poland Refugee CVA","Poland","Warsaw","Warsaw Branch","D004","UNICEF","G-UNIC-P003-2026","BL009","Training & Capacity Building","Branch and partner training","84009","84009","46205","5041","68048","USD","Cash assistance payment","CVA","Cash","669","488","166","132","102","88","Complete","Gap identified","Late","High","Review","Synthetic anonymised portfolio record","Cycle 4","185","106","19610","Completed","Warsaw Branch","Mobile money","High"
"TXN-SYN-0472","2026-04-01","2026","Q2","April","P004","Sudan Food Security & WASH","Sudan","Port Sudan","Port Sudan Base","D005","USAID","G-USAI-P004-2026","BL010","Monitoring & Evaluation","PDM and field monitoring","85388","86242","48296","6037","72444","USD","WASH service delivery","WASH","Service delivery","688","509","173","137","107","92","Complete","Complete","On time","Low","Compliant","Synthetic anonymised portfolio record","N/A","0","0","0","N/A","Port Sudan Base","N/A","Low"
"TXN-SYN-0473","2026-05-04","2026","Q2","May","P005","Venezuela-Colombia Multi-Donor Response","Venezuela/Colombia","Bogota","Bogota Office","D006","AECID","G-AECI-P005-2026","BL011","Administration","Office running costs","86767","88502","50446","7080","76996","EUR","Programme operations","Multi-sector","Service delivery","0","0","0","0","0","0","Partial","Complete","On time","Low","Review","Synthetic anonymised portfolio record","N/A","0","0","0","N/A","Bogota Office","N/A","Low"
"TXN-SYN-0474","2026-06-07","2026","Q2","June","P006","Syria Health Mission Support","Syria","Damascus","Damascus Mission Office","D007","EU Delegation","G-EUDE-P006-2026","BL012","Audit & Compliance","External audit and compliance checks","88146","90790","52658","8171","81711","EUR","Health service support","Health","Support","726","552","188","149","116","99","Missing","In progress","On time","High","Review","Synthetic anonymised portfolio record","N/A","0","0","0","N/A","Damascus Mission Office","N/A","High"
"TXN-SYN-0475","2026-07-10","2026","Q3","July","P001","Ukraine Health+ Response","Ukraine","Kyiv","Kyiv Base","D008","Red Cross Movement","G-REDC-P001-2026","BL014","Indirect Costs","Indirect cost recovery","89525","93106","54933","9311","86589","CHF","Health service support","Health","In-kind","745","574","195","155","121","103","Complete","Gap identified","Late","High","Review","Synthetic anonymised portfolio record","N/A","0","0","0","N/A","Kyiv Base","N/A","High"
"TXN-SYN-0476","2026-08-13","2026","Q3","August","P002","Ukraine Winter CVA","Ukraine","Lviv","Lviv Branch","D009","Private Foundation","G-PRIV-P002-2026","BL001","Human Resources","National staff salaries","8904","9349","5609","1028","7385","USD","Cash assistance payment","CVA","Cash","764","596","203","161","125","107","Complete","Complete","On time","Low","Compliant","Synthetic anonymised portfolio record","Cycle 1","140","130","18200","Pending","Lviv Branch","Prepaid card","Low"
"TXN-SYN-0477","2026-09-16","2026","Q3","September","P003","Poland Refugee CVA","Poland","Warsaw","Warsaw Branch","D010","Own Funds","G-OWNF-P003-2026","BL003","Programme Supplies","Medical and programme supplies","10283","9975","6085","1197","8180","EUR","Cash assistance payment","CVA","Cash","783","619","210","167","130","112","Complete","Complete","On time","Low","Compliant","Synthetic anonymised portfolio record","Cycle 2","155","135","20925","Completed","Warsaw Branch","Mobile money","Low"
"TXN-SYN-0478","2026-10-19","2026","Q4","October","P004","Sudan Food Security & WASH","Sudan","Port Sudan","Port Sudan Base","D001","ECHO","G-ECHO-P004-2026","BL004","CVA Transfers","Unconditional cash transfers","11662","11429","7086","1486","9715","EUR","Cash assistance payment","WASH","Service delivery","802","642","218","173","135","116","Partial","In progress","On time","Medium","Review","Synthetic anonymised portfolio record","Cycle 3","170","140","23800","In progress","Port Sudan Base","Prepaid card","Medium"
"TXN-SYN-0479","2026-11-22","2026","Q4","November","P005","Venezuela-Colombia Multi-Donor Response","Venezuela/Colombia","Bogota","Bogota Office","D002","BMZ","G-BMZ-P005-2026","BL005","CVA Transfers","Winter cash top-up","13041","12911","8134","1808","11362","EUR","Cash assistance payment","Multi-sector","Service delivery","0","0","0","0","0","0","Missing","Gap identified","Late","High","Review","Synthetic anonymised portfolio record","Cycle 4","185","0","0","Pending","Bogota Office","Mobile money","High"
"TXN-SYN-0480","2026-12-01","2026","Q4","December","P006","Syria Health Mission Support","Syria","Damascus","Damascus Mission Office","D003","GFFO","G-GFFO-P006-2026","BL006","WASH Infrastructure","Water point rehabilitation","14420","14420","9229","2163","13122","EUR","Health service support","Health","Support","840","689","234","186","145","124","Complete","Complete","On time","Low","Compliant","Synthetic anonymised portfolio record","N/A","0","0","0","N/A","Damascus Mission Office","N/A","Low"
"TXN-SYN-0481","2026-01-04","2026","Q1","January","P001","Ukraine Health+ Response","Ukraine","Kyiv","Kyiv Base","D004","UNICEF","G-UNIC-P001-2026","BL007","Health Services","Primary health service support","15799","15957","10372","479","12925","USD","Health service support","Health","In-kind","859","713","242","193","150","128","Complete","Complete","On time","Low","Compliant","Synthetic anonymised portfolio record","N/A","0","0","0","N/A","Kyiv Base","N/A","Low"
"TXN-SYN-0482","2026-02-07","2026","Q1","February","P002","Ukraine Winter CVA","Ukraine","Lviv","Lviv Branch","D005","USAID","G-USAI-P002-2026","BL008","Logistics & Transport","Vehicle rental and fuel","17178","17522","11565","701","14719","USD","Cash assistance payment","CVA","Cash","878","738","251","199","155","133","Complete","In progress","On time","Medium","Review","Synthetic anonymised portfolio record","Cycle 3","110","160","17600","Pending","Lviv Branch","Prepaid card","Medium"
"TXN-SYN-0483","2026-03-10","2026","Q1","March","P003","Poland Refugee CVA","Poland","Warsaw","Warsaw Branch","D006","AECID","G-AECI-P003-2026","BL009","Training & Capacity Building","Branch and partner training","18557","19114","12806","956","16629","EUR","Cash assistance payment","CVA","Cash","897","762","259","206","160","137","Partial","Gap identified","Late","High","Review","Synthetic anonymised portfolio record","Cycle 4","125","166","20750","Completed","Warsaw Branch","Mobile money","High"
"TXN-SYN-0484","2026-04-13","2026","Q2","April","P004","Sudan Food Security & WASH","Sudan","Port Sudan","Port Sudan Base","D007","EU Delegation","G-EUDE-P004-2026","BL010","Monitoring & Evaluation","PDM and field monitoring","19936","20733","14098","1244","18659","EUR","WASH service delivery","WASH","Service delivery","916","788","268","213","165","142","Missing","Complete","On time","High","Review","Synthetic anonymised portfolio record","N/A","0","0","0","N/A","Port Sudan Base","N/A","High"
"TXN-SYN-0485","2026-05-16","2026","Q2","May","P005","Venezuela-Colombia Multi-Donor Response","Venezuela/Colombia","Bogota","Bogota Office","D008","Red Cross Movement","G-REDC-P005-2026","BL011","Administration","Office running costs","21315","22381","15443","1567","20815","CHF","Programme operations","Multi-sector","Service delivery","0","0","0","0","0","0","Complete","Complete","On time","Low","Compliant","Synthetic anonymised portfolio record","N/A","0","0","0","N/A","Bogota Office","N/A","Low"
"TXN-SYN-0486","2026-06-19","2026","Q2","June","P006","Syria Health Mission Support","Syria","Damascus","Damascus Mission Office","D009","Private Foundation","G-PRIV-P006-2026","BL012","Audit & Compliance","External audit and compliance checks","22694","22013","15409","1761","21132","USD","Health service support","Health","Support","954","840","286","227","176","151","Complete","In progress","On time","Medium","Review","Synthetic anonymised portfolio record","N/A","0","0","0","N/A","Damascus Mission Office","N/A","Medium"
"TXN-SYN-0487","2026-07-22","2026","Q3","July","P001","Ukraine Health+ Response","Ukraine","Kyiv","Kyiv Base","D010","Own Funds","G-OWNF-P001-2026","BL014","Indirect Costs","Indirect cost recovery","24073","23592","16750","2123","23355","EUR","Health service support","Health","In-kind","973","866","294","234","182","156","Complete","Gap identified","Late","High","Review","Synthetic anonymised portfolio record","N/A","0","0","0","N/A","Kyiv Base","N/A","High"
"TXN-SYN-0488","2026-08-01","2026","Q3","August","P002","Ukraine Winter CVA","Ukraine","Lviv","Lviv Branch","D001","ECHO","G-ECHO-P002-2026","BL001","Human Resources","National staff salaries","25452","25197","18142","2520","25701","EUR","Cash assistance payment","CVA","Cash","992","893","304","241","188","160","Partial","Complete","On time","Low","Review","Synthetic anonymised portfolio record","Cycle 1","80","194","15520","Pending","Lviv Branch","Prepaid card","Low"
"TXN-SYN-0489","2026-09-04","2026","Q3","September","P003","Poland Refugee CVA","Poland","Warsaw","Warsaw Branch","D002","BMZ","G-BMZ-P003-2026","BL003","Programme Supplies","Medical and programme supplies","26831","26831","19587","2951","28173","EUR","Cash assistance payment","CVA","Cash","1011","920","313","248","193","166","Missing","Complete","On time","High","Review","Synthetic anonymised portfolio record","Cycle 2","95","200","19000","Completed","Warsaw Branch","Mobile money","High"
"TXN-SYN-0490","2026-10-07","2026","Q4","October","P004","Sudan Food Security & WASH","Sudan","Port Sudan","Port Sudan Base","D003","GFFO","G-GFFO-P004-2026","BL004","CVA Transfers","Unconditional cash transfers","28210","28492","21084","3419","30771","EUR","Cash assistance payment","WASH","Service delivery","1030","948","322","256","199","171","Complete","In progress","On time","Medium","Review","Synthetic anonymised portfolio record","Cycle 3","110","206","22660","In progress","Port Sudan Base","Prepaid card","Medium"
"TXN-SYN-0491","2026-11-10","2026","Q4","November","P005","Venezuela-Colombia Multi-Donor Response","Venezuela/Colombia","Bogota","Bogota Office","D004","UNICEF","G-UNIC-P005-2026","BL005","CVA Transfers","Winter cash top-up","29589","30181","22636","3924","33502","USD","Cash assistance payment","Multi-sector","Service delivery","0","0","0","0","0","0","Complete","Gap identified","Late","High","Review","Synthetic anonymised portfolio record","Cycle 4","125","0","0","Pending","Bogota Office","Mobile money","High"
"TXN-SYN-0492","2026-12-13","2026","Q4","December","P006","Syria Health Mission Support","Syria","Damascus","Damascus Mission Office","D005","USAID","G-USAI-P006-2026","BL006","WASH Infrastructure","Water point rehabilitation","30968","31897","24242","4466","36363","USD","Health service support","Health","Support","1068","1004","341","271","211","181","Complete","Complete","On time","Low","Compliant","Synthetic anonymised portfolio record","N/A","0","0","0","N/A","Damascus Mission Office","N/A","Low"
"TXN-SYN-0493","2026-01-16","2026","Q1","January","P001","Ukraine Health+ Response","Ukraine","Kyiv","Kyiv Base","D006","AECID","G-AECI-P001-2026","BL007","Health Services","Primary health service support","32347","33641","25904","5046","33641","EUR","Health service support","Health","In-kind","1087","1033","351","279","217","186","Partial","Complete","On time","Low","Review","Synthetic anonymised portfolio record","N/A","0","0","0","N/A","Kyiv Base","N/A","Low"
"TXN-SYN-0494","2026-02-19","2026","Q1","February","P002","Ukraine Winter CVA","Ukraine","Lviv","Lviv Branch","D007","EU Delegation","G-EUDE-P002-2026","BL008","Logistics & Transport","Vehicle rental and fuel","33726","35412","27621","1062","31870","EUR","Cash assistance payment","CVA","Cash","1106","641","218","173","135","115","Missing","In progress","On time","High","Review","Synthetic anonymised portfolio record","Cycle 3","170","139","23630","Pending","Lviv Branch","Prepaid card","High"
"TXN-SYN-0495","2026-03-22","2026","Q1","March","P003","Poland Refugee CVA","Poland","Warsaw","Warsaw Branch","D008","Red Cross Movement","G-REDC-P003-2026","BL009","Training & Capacity Building","Branch and partner training","35105","34052","26901","1362","31668","CHF","Cash assistance payment","CVA","Cash","1125","664","226","179","139","120","Complete","Gap identified","Late","High","Review","Synthetic anonymised portfolio record","Cycle 4","185","144","26640","Completed","Warsaw Branch","Mobile money","High"
"TXN-SYN-0496","2026-04-01","2026","Q2","April","P004","Sudan Food Security & WASH","Sudan","Port Sudan","Port Sudan Base","D009","Private Foundation","G-PRIV-P004-2026","BL010","Monitoring & Evaluation","PDM and field monitoring","36484","35754","6436","1788","12157","USD","WASH service delivery","WASH","Service delivery","1144","686","233","185","144","124","Complete","Complete","On time","Low","Compliant","Synthetic anonymised portfolio record","N/A","0","0","0","N/A","Port Sudan Base","N/A","Low"
"TXN-SYN-0497","2026-05-04","2026","Q2","May","P005","Venezuela-Colombia Multi-Donor Response","Venezuela/Colombia","Bogota","Bogota Office","D010","Own Funds","G-OWNF-P005-2026","BL011","Administration","Office running costs","37863","37484","7122","2249","13869","EUR","Programme operations","Multi-sector","Service delivery","0","0","0","0","0","0","Complete","Complete","On time","Low","Compliant","Synthetic anonymised portfolio record","N/A","0","0","0","N/A","Bogota Office","N/A","Low"
"TXN-SYN-0498","2026-06-07","2026","Q2","June","P006","Syria Health Mission Support","Syria","Damascus","Damascus Mission Office","D001","ECHO","G-ECHO-P006-2026","BL012","Audit & Compliance","External audit and compliance checks","39242","39242","7848","2747","15696","EUR","Health service support","Health","Support","1182","733","249","198","154","132","Partial","In progress","On time","Medium","Review","Synthetic anonymised portfolio record","N/A","0","0","0","N/A","Damascus Mission Office","N/A","Medium"
"TXN-SYN-0499","2026-07-10","2026","Q3","July","P001","Ukraine Health+ Response","Ukraine","Kyiv","Kyiv Base","D002","BMZ","G-BMZ-P001-2026","BL014","Indirect Costs","Indirect cost recovery","40621","41027","8616","3282","17642","EUR","Health service support","Health","In-kind","1201","757","257","204","159","137","Missing","Gap identified","Late","High","Review","Synthetic anonymised portfolio record","N/A","0","0","0","N/A","Kyiv Base","N/A","High"
"TXN-SYN-0500","2026-08-13","2026","Q3","August","P002","Ukraine Winter CVA","Ukraine","Lviv","Lviv Branch","D003","GFFO","G-GFFO-P002-2026","BL001","Human Resources","National staff salaries","42000","42840","9425","3856","19707","EUR","Cash assistance payment","CVA","Cash","1220","781","266","211","164","140","Complete","Complete","On time","Low","Compliant","Synthetic anonymised portfolio record","Cycle 1","140","170","23800","Pending","Lviv Branch","Prepaid card","Low"
"TXN-SYN-0501","2026-09-16","2026","Q3","September","P003","Poland Refugee CVA","Poland","Warsaw","Warsaw Branch","D004","UNICEF","G-UNIC-P003-2026","BL003","Programme Supplies","Medical and programme supplies","43379","44680","10276","4468","21893","USD","Cash assistance payment","CVA","Cash","1239","805","274","217","169","145","Complete","Complete","On time","Low","Compliant","Synthetic anonymised portfolio record","Cycle 2","155","175","27125","Completed","Warsaw Branch","Mobile money","Low"
"TXN-SYN-0502","2026-10-19","2026","Q4","October","P004","Sudan Food Security & WASH","Sudan","Port Sudan","Port Sudan Base","D005","USAID","G-USAI-P004-2026","BL004","CVA Transfers","Unconditional cash transfers","44758","46548","11172","5120","24205","USD","Cash assistance payment","WASH","Service delivery","1258","830","282","224","174","150","Complete","In progress","On time","Medium","Review","Synthetic anonymised portfolio record","Cycle 3","170","180","30600","In progress","Port Sudan Base","Prepaid card","Medium"
"TXN-SYN-0503","2026-11-22","2026","Q4","November","P005","Venezuela-Colombia Multi-Donor Response","Venezuela/Colombia","Bogota","Bogota Office","D006","AECID","G-AECI-P005-2026","BL005","CVA Transfers","Winter cash top-up","46137","48444","12111","5813","26644","EUR","Cash assistance payment","Multi-sector","Service delivery","0","0","0","0","0","0","Partial","Gap identified","Late","High","Review","Synthetic anonymised portfolio record","Cycle 4","185","0","0","Pending","Bogota Office","Mobile money","High"
"TXN-SYN-0504","2026-12-01","2026","Q4","December","P006","Syria Health Mission Support","Syria","Damascus","Damascus Mission Office","D007","EU Delegation","G-EUDE-P006-2026","BL006","WASH Infrastructure","Water point rehabilitation","47516","46091","11984","5992","26733","EUR","Health service support","Health","Support","1296","881","300","238","185","158","Missing","Complete","On time","High","Review","Synthetic anonymised portfolio record","N/A","0","0","0","N/A","Damascus Mission Office","N/A","High"
"TXN-SYN-0505","2026-01-04","2026","Q1","January","P001","Ukraine Health+ Response","Ukraine","Kyiv","Kyiv Base","D008","Red Cross Movement","G-REDC-P001-2026","BL007","Health Services","Primary health service support","48895","47917","12938","6708","29229","CHF","Health service support","Health","In-kind","1315","907","308","245","190","164","Complete","Complete","On time","Low","Compliant","Synthetic anonymised portfolio record","N/A","0","0","0","N/A","Kyiv Base","N/A","Low"
"TXN-SYN-0506","2026-02-07","2026","Q1","February","P002","Ukraine Winter CVA","Ukraine","Lviv","Lviv Branch","D009","Private Foundation","G-PRIV-P002-2026","BL008","Logistics & Transport","Vehicle rental and fuel","50274","49771","13936","7466","31854","USD","Cash assistance payment","CVA","Cash","1334","934","318","252","196","168","Complete","In progress","On time","Medium","Review","Synthetic anonymised portfolio record","Cycle 3","110","203","22330","Pending","Lviv Branch","Prepaid card","Medium"
"TXN-SYN-0507","2026-03-10","2026","Q1","March","P003","Poland Refugee CVA","Poland","Warsaw","Warsaw Branch","D010","Own Funds","G-OWNF-P003-2026","BL009","Training & Capacity Building","Branch and partner training","51653","51653","14979","1550","27893","EUR","Cash assistance payment","CVA","Cash","1353","961","327","259","202","173","Complete","Gap identified","Late","High","Review","Synthetic anonymised portfolio record","Cycle 4","125","209","26125","Completed","Warsaw Branch","Mobile money","High"
"TXN-SYN-0508","2026-04-13","2026","Q2","April","P004","Sudan Food Security & WASH","Sudan","Port Sudan","Port Sudan Base","D001","ECHO","G-ECHO-P004-2026","BL010","Monitoring & Evaluation","PDM and field monitoring","53032","53562","16069","2142","30530","EUR","WASH service delivery","WASH","Service delivery","1372","988","336","267","207","178","Partial","Complete","On time","Low","Review","Synthetic anonymised portfolio record","N/A","0","0","0","N/A","Port Sudan Base","N/A","Low"
"TXN-SYN-0509","2026-05-16","2026","Q2","May","P005","Venezuela-Colombia Multi-Donor Response","Venezuela/Colombia","Bogota","Bogota Office","D002","BMZ","G-BMZ-P005-2026","BL011","Administration","Office running costs","54411","55499","17205","2775","33300","EUR","Programme operations","Multi-sector","Service delivery","0","0","0","0","0","0","Missing","Complete","On time","High","Review","Synthetic anonymised portfolio record","N/A","0","0","0","N/A","Bogota Office","N/A","High"
"TXN-SYN-0510","2026-06-19","2026","Q2","June","P006","Syria Health Mission Support","Syria","Damascus","Damascus Mission Office","D003","GFFO","G-GFFO-P006-2026","BL012","Audit & Compliance","External audit and compliance checks","55790","57464","18388","3448","26433","EUR","Health service support","Health","Support","1410","1043","355","282","219","187","Complete","In progress","On time","Medium","Review","Synthetic anonymised portfolio record","N/A","0","0","0","N/A","Damascus Mission Office","N/A","Medium"
"TXN-SYN-0511","2026-07-22","2026","Q3","July","P001","Ukraine Health+ Response","Ukraine","Kyiv","Kyiv Base","D004","UNICEF","G-UNIC-P001-2026","BL014","Indirect Costs","Indirect cost recovery","57169","59456","19620","4162","29133","USD","Health service support","Health","In-kind","1429","1072","364","289","225","194","Complete","Gap identified","Late","High","Review","Synthetic anonymised portfolio record","N/A","0","0","0","N/A","Kyiv Base","N/A","High"
"TXN-SYN-0512","2026-08-01","2026","Q3","August","P002","Ukraine Winter CVA","Ukraine","Lviv","Lviv Branch","D005","USAID","G-USAI-P002-2026","BL001","Human Resources","National staff salaries","58548","61475","20901","4918","31967","USD","Cash assistance payment","CVA","Cash","1448","1100","374","297","231","198","Complete","Complete","On time","Low","Compliant","Synthetic anonymised portfolio record","Cycle 1","80","239","19120","Pending","Lviv Branch","Prepaid card","Low"
"TXN-SYN-0513","2026-09-04","2026","Q3","September","P003","Poland Refugee CVA","Poland","Warsaw","Warsaw Branch","D006","AECID","G-AECI-P003-2026","BL003","Programme Supplies","Medical and programme supplies","59927","58129","20345","5232","31971","EUR","Cash assistance payment","CVA","Cash","1467","1130","384","305","237","204","Partial","Complete","On time","Low","Review","Synthetic anonymised portfolio record","Cycle 2","95","246","23370","Completed","Warsaw Branch","Mobile money","Low"
"TXN-SYN-0514","2026-10-07","2026","Q4","October","P004","Sudan Food Security & WASH","Sudan","Port Sudan","Port Sudan Base","D007","EU Delegation","G-EUDE-P004-2026","BL004","CVA Transfers","Unconditional cash transfers","61306","60080","21629","6008","34847","EUR","Cash assistance payment","WASH","Service delivery","1486","1159","394","313","243","209","Missing","In progress","On time","High","Review","Synthetic anonymised portfolio record","Cycle 3","110","252","27720","In progress","Port Sudan Base","Prepaid card","High"
"TXN-SYN-0515","2026-11-10","2026","Q4","November","P005","Venezuela-Colombia Multi-Donor Response","Venezuela/Colombia","Bogota","Bogota Office","D008","Red Cross Movement","G-REDC-P005-2026","BL005","CVA Transfers","Winter cash top-up","62685","62058","22961","6826","37855","CHF","Cash assistance payment","Multi-sector","Service delivery","0","0","0","0","0","0","Complete","Gap identified","Late","High","Review","Synthetic anonymised portfolio record","Cycle 4","125","0","0","Pending","Bogota Office","Mobile money","High"
"TXN-SYN-0516","2026-12-13","2026","Q4","December","P006","Syria Health Mission Support","Syria","Damascus","Damascus Mission Office","D009","Private Foundation","G-PRIV-P006-2026","BL006","WASH Infrastructure","Water point rehabilitation","64064","64064","24344","7688","41001","USD","Health service support","Health","Support","1524","1219","414","329","256","220","Complete","Complete","On time","Low","Compliant","Synthetic anonymised portfolio record","N/A","0","0","0","N/A","Damascus Mission Office","N/A","Low"
"TXN-SYN-0517","2026-01-16","2026","Q1","January","P001","Ukraine Health+ Response","Ukraine","Kyiv","Kyiv Base","D010","Own Funds","G-OWNF-P001-2026","BL007","Health Services","Primary health service support","65443","66097","25778","8593","44286","EUR","Health service support","Health","In-kind","1543","1250","425","338","263","224","Complete","Complete","On time","Low","Compliant","Synthetic anonymised portfolio record","N/A","0","0","0","N/A","Kyiv Base","N/A","Low"
"TXN-SYN-0518","2026-02-19","2026","Q1","February","P002","Ukraine Winter CVA","Ukraine","Lviv","Lviv Branch","D001","ECHO","G-ECHO-P002-2026","BL008","Logistics & Transport","Vehicle rental and fuel","66822","68158","27263","9542","47710","EUR","Cash assistance payment","CVA","Cash","1562","1281","436","346","269","230","Partial","In progress","On time","Medium","Review","Synthetic anonymised portfolio record","Cycle 3","170","278","47260","Pending","Lviv Branch","Prepaid card","Medium"
"TXN-SYN-0519","2026-03-22","2026","Q1","March","P003","Poland Refugee CVA","Poland","Warsaw","Warsaw Branch","D002","BMZ","G-BMZ-P003-2026","BL009","Training & Capacity Building","Branch and partner training","68201","70247","28801","10537","51280","EUR","Cash assistance payment","CVA","Cash","1581","1312","446","354","276","236","Missing","Gap identified","Late","High","Review","Synthetic anonymised portfolio record","Cycle 4","185","285","52725","Completed","Warsaw Branch","Mobile money","High"
"TXN-SYN-0520","2026-04-01","2026","Q2","April","P004","Sudan Food Security & WASH","Sudan","Port Sudan","Port Sudan Base","D003","GFFO","G-GFFO-P004-2026","BL010","Monitoring & Evaluation","PDM and field monitoring","69580","72363","30392","2171","45588","EUR","WASH service delivery","WASH","Service delivery","1600","1344","457","363","282","242","Complete","Complete","On time","Low","Compliant","Synthetic anonymised portfolio record","N/A","0","0","0","N/A","Port Sudan Base","N/A","Low"
"TXN-SYN-0521","2026-05-04","2026","Q2","May","P005","Venezuela-Colombia Multi-Donor Response","Venezuela/Colombia","Bogota","Bogota Office","D004","UNICEF","G-UNIC-P005-2026","BL011","Administration","Office running costs","70959","74507","32038","2980","49174","USD","Programme operations","Multi-sector","Service delivery","0","0","0","0","0","0","Complete","Complete","On time","Low","Compliant","Synthetic anonymised portfolio record","N/A","0","0","0","N/A","Bogota Office","N/A","Low"
"TXN-SYN-0522","2026-06-07","2026","Q2","June","P006","Syria Health Mission Support","Syria","Damascus","Damascus Mission Office","D005","USAID","G-USAI-P006-2026","BL012","Audit & Compliance","External audit and compliance checks","72338","70168","30874","3508","48416","USD","Health service support","Health","Support","1638","1409","479","380","296","254","Complete","In progress","On time","Medium","Review","Synthetic anonymised portfolio record","N/A","0","0","0","N/A","Damascus Mission Office","N/A","Medium"
"TXN-SYN-0523","2026-07-10","2026","Q3","July","P001","Ukraine Health+ Response","Ukraine","Kyiv","Kyiv Base","D006","AECID","G-AECI-P001-2026","BL014","Indirect Costs","Indirect cost recovery","73717","72243","32509","4335","52015","EUR","Health service support","Health","In-kind","1657","1442","490","389","303","260","Partial","Gap identified","Late","High","Review","Synthetic anonymised portfolio record","N/A","0","0","0","N/A","Kyiv Base","N/A","High"
"TXN-SYN-0524","2026-08-13","2026","Q3","August","P002","Ukraine Winter CVA","Ukraine","Lviv","Lviv Branch","D007","EU Delegation","G-EUDE-P002-2026","BL001","Human Resources","National staff salaries","75096","74345","34199","5204","55759","EUR","Cash assistance payment","CVA","Cash","1676","1475","502","398","310","265","Missing","Complete","On time","High","Review","Synthetic anonymised portfolio record","Cycle 1","140","321","44940","Pending","Lviv Branch","Prepaid card","High"
"TXN-SYN-0525","2026-09-16","2026","Q3","September","P003","Poland Refugee CVA","Poland","Warsaw","Warsaw Branch","D008","Red Cross Movement","G-REDC-P003-2026","BL003","Programme Supplies","Medical and programme supplies","76475","76475","35943","6118","59650","CHF","Cash assistance payment","CVA","Cash","1695","1509","513","407","317","272","Complete","Complete","On time","Low","Compliant","Synthetic anonymised portfolio record","Cycle 2","155","328","50840","Completed","Warsaw Branch","Mobile money","Low"
"TXN-SYN-0526","2026-10-19","2026","Q4","October","P004","Sudan Food Security & WASH","Sudan","Port Sudan","Port Sudan Base","D009","Private Foundation","G-PRIV-P004-2026","BL004","CVA Transfers","Unconditional cash transfers","77854","78633","37744","7077","63693","USD","Cash assistance payment","WASH","Service delivery","1714","1543","525","417","324","277","Complete","In progress","On time","Medium","Review","Synthetic anonymised portfolio record","Cycle 3","170","335","56950","In progress","Port Sudan Base","Prepaid card","Medium"
"TXN-SYN-0527","2026-11-22","2026","Q4","November","P005","Venezuela-Colombia Multi-Donor Response","Venezuela/Colombia","Bogota","Bogota Office","D010","Own Funds","G-OWNF-P005-2026","BL005","CVA Transfers","Winter cash top-up","79233","80818","39601","8082","54148","EUR","Cash assistance payment","Multi-sector","Service delivery","0","0","0","0","0","0","Complete","Gap identified","Late","High","Review","Synthetic anonymised portfolio record","Cycle 4","185","0","0","Pending","Bogota Office","Mobile money","High"
"TXN-SYN-0528","2026-12-01","2026","Q4","December","P006","Syria Health Mission Support","Syria","Damascus","Damascus Mission Office","D001","ECHO","G-ECHO-P006-2026","BL006","WASH Infrastructure","Water point rehabilitation","80612","83030","41515","9133","58121","EUR","Health service support","Health","Support","1752","1612","548","435","339","290","Partial","Complete","On time","Low","Review","Synthetic anonymised portfolio record","N/A","0","0","0","N/A","Damascus Mission Office","N/A","Low"
"TXN-SYN-0529","2026-01-04","2026","Q1","January","P001","Ukraine Health+ Response","Ukraine","Kyiv","Kyiv Base","D002","BMZ","G-BMZ-P001-2026","BL007","Health Services","Primary health service support","81991","85271","43488","10233","62248","EUR","Health service support","Health","In-kind","1771","1647","560","445","346","296","Missing","Complete","On time","High","Review","Synthetic anonymised portfolio record","N/A","0","0","0","N/A","Kyiv Base","N/A","High"
"TXN-SYN-0530","2026-02-07","2026","Q1","February","P002","Ukraine Winter CVA","Ukraine","Lviv","Lviv Branch","D003","GFFO","G-GFFO-P002-2026","BL008","Logistics & Transport","Vehicle rental and fuel","83370","87539","45520","11380","66529","EUR","Cash assistance payment","CVA","Cash","1790","1683","572","454","353","304","Complete","In progress","On time","Medium","Review","Synthetic anonymised portfolio record","Cycle 3","110","366","40260","Pending","Lviv Branch","Prepaid card","Medium"
"TXN-SYN-0531","2026-03-10","2026","Q1","March","P003","Poland Refugee CVA","Poland","Warsaw","Warsaw Branch","D004","UNICEF","G-UNIC-P003-2026","BL009","Training & Capacity Building","Branch and partner training","84749","82207","43570","11509","64944","USD","Cash assistance payment","CVA","Cash","1809","1719","584","464","361","310","Complete","Gap identified","Late","High","Review","Synthetic anonymised portfolio record","Cycle 4","125","374","46750","Completed","Warsaw Branch","Mobile money","High"
"TXN-SYN-0532","2026-04-13","2026","Q2","April","P004","Sudan Food Security & WASH","Sudan","Port Sudan","Port Sudan Base","D005","USAID","G-USAI-P004-2026","BL010","Monitoring & Evaluation","PDM and field monitoring","86128","84405","45579","12661","69213","USD","WASH service delivery","WASH","Service delivery","1828","1060","360","286","223","191","Complete","Complete","On time","Low","Compliant","Synthetic anonymised portfolio record","N/A","0","0","0","N/A","Port Sudan Base","N/A","Low"
"TXN-SYN-0533","2026-05-16","2026","Q2","May","P005","Venezuela-Colombia Multi-Donor Response","Venezuela/Colombia","Bogota","Bogota Office","D006","AECID","G-AECI-P005-2026","BL011","Administration","Office running costs","87507","86632","47648","2599","62375","EUR","Programme operations","Multi-sector","Service delivery","0","0","0","0","0","0","Partial","Complete","On time","Low","Review","Synthetic anonymised portfolio record","N/A","0","0","0","N/A","Bogota Office","N/A","Low"
"TXN-SYN-0534","2026-06-19","2026","Q2","June","P006","Syria Health Mission Support","Syria","Damascus","Damascus Mission Office","D007","EU Delegation","G-EUDE-P006-2026","BL012","Audit & Compliance","External audit and compliance checks","88886","88886","49776","3555","66664","EUR","Health service support","Health","Support","1866","1120","381","302","235","202","Missing","In progress","On time","High","Review","Synthetic anonymised portfolio record","N/A","0","0","0","N/A","Damascus Mission Office","N/A","High"
"TXN-SYN-0535","2026-07-22","2026","Q3","July","P001","Ukraine Health+ Response","Ukraine","Kyiv","Kyiv Base","D008","Red Cross Movement","G-REDC-P001-2026","BL014","Indirect Costs","Indirect cost recovery","90265","91168","51966","4558","71111","CHF","Health service support","Health","In-kind","1885","1150","391","311","242","206","Complete","Gap identified","Late","High","Review","Synthetic anonymised portfolio record","N/A","0","0","0","N/A","Kyiv Base","N/A","High"
"TXN-SYN-0536","2026-08-01","2026","Q3","August","P002","Ukraine Winter CVA","Ukraine","Lviv","Lviv Branch","D009","Private Foundation","G-PRIV-P002-2026","BL001","Human Resources","National staff salaries","9644","9837","5705","590","7967","USD","Cash assistance payment","CVA","Cash","1904","1180","401","319","248","212","Complete","Complete","On time","Low","Compliant","Synthetic anonymised portfolio record","Cycle 1","80","257","20560","Pending","Lviv Branch","Prepaid card","Low"
"TXN-SYN-0537","2026-09-04","2026","Q3","September","P003","Poland Refugee CVA","Poland","Warsaw","Warsaw Branch","D010","Own Funds","G-OWNF-P003-2026","BL003","Programme Supplies","Medical and programme supplies","11023","11354","6699","795","9538","EUR","Cash assistance payment","CVA","Cash","1923","1211","412","327","254","218","Complete","Complete","On time","Low","Compliant","Synthetic anonymised portfolio record","Cycle 2","95","263","24985","Completed","Warsaw Branch","Mobile money","Low"
"TXN-SYN-0538","2026-10-07","2026","Q4","October","P004","Sudan Food Security & WASH","Sudan","Port Sudan","Port Sudan Base","D001","ECHO","G-ECHO-P004-2026","BL004","CVA Transfers","Unconditional cash transfers","12402","12898","7739","1032","11222","EUR","Cash assistance payment","WASH","Service delivery","1942","1243","423","336","261","223","Partial","In progress","On time","Medium","Review","Synthetic anonymised portfolio record","Cycle 3","110","270","29700","In progress","Port Sudan Base","Prepaid card","Medium"
"TXN-SYN-0539","2026-11-10","2026","Q4","November","P005","Venezuela-Colombia Multi-Donor Response","Venezuela/Colombia","Bogota","Bogota Office","D002","BMZ","G-BMZ-P005-2026","BL005","CVA Transfers","Winter cash top-up","13781","14470","8827","1302","13023","EUR","Cash assistance payment","Multi-sector","Service delivery","0","0","0","0","0","0","Missing","Gap identified","Late","High","Review","Synthetic anonymised portfolio record","Cycle 4","125","0","0","Pending","Bogota Office","Mobile money","High"
"TXN-SYN-0540","2026-12-13","2026","Q4","December","P006","Syria Health Mission Support","Syria","Damascus","Damascus Mission Office","D003","GFFO","G-GFFO-P006-2026","BL006","WASH Infrastructure","Water point rehabilitation","15160","14705","9117","1471","13676","EUR","Health service support","Health","Support","1980","1307","444","353","274","236","Complete","Complete","On time","Low","Compliant","Synthetic anonymised portfolio record","N/A","0","0","0","N/A","Damascus Mission Office","N/A","Low"